num,ene2015,feb2015,mar2015,abr2015,may2015,jun2015,jul2015,ago2015,sep2015,oct2015,nov2015,dic2015,ene2016,feb2016,mar2016,abr2016,may2016,jun2016,jul2016,ago2016,sep2016,oct2016,nov2016,dic2016,ene2017,feb2017,mar2017,abr2017,may2017,jun2017,jul2017,ago2017,sep2017,oct2017,nov2017,dic2017,ene2018,feb2018,mar2018,abr2018,may2018,jun2018,jul2018,ago2018,sep2018,oct2018,nov2018,dic2018,ene2019,feb2019,mar2019,abr2019,may2019,jun2019,jul2019,ago2019,sep2019,oct2019,nov2019,dic2019,region,ordendelitos,Delitos
1,0.8569898232458489,0.8569898232458489,0.571326548830566,0.8569898232458489,0.8569898232458489,0.9998214604534904,0.8569898232458489,0.571326548830566,0.571326548830566,0.7141581860382075,0.7141581860382075,0.7141581860382075,0.5618332619336897,0.702291577417112,0.702291577417112,0.5618332619336897,0.8427498929005345,0.5618332619336897,1.685499785801069,0.702291577417112,0.9832082083839567,0.42137494645026724,0.5618332619336897,0.42137494645026724,0.8293272221131811,0.41466361105659055,1.1057696294842414,0.8293272221131811,0.5528848147421207,0.6911060184276508,0.8293272221131811,0.0,0.41466361105659055,0.27644240737106035,0.5528848147421207,0.0,0.6805082035263935,0.5444065628211148,0.4083049221158361,0.6805082035263935,0.5444065628211148,1.0888131256422295,0.5444065628211148,0.4083049221158361,1.2249147663475084,0.5444065628211148,1.0888131256422295,0.8166098442316722,1.2067756429767669,0.8045170953178445,0.8045170953178445,1.474948008082715,1.0726894604237929,0.0,0.0,0.0,0.0,0.0,0.0,0.0,I,1,Homicidio doloso
1,0.0,0.0,0.1428316372076415,0.0,0.1428316372076415,0.0,0.0,0.1428316372076415,0.0,0.0,0.0,0.0,0.0,0.0,0.1404583154834224,0.0,0.0,0.0,0.1404583154834224,0.0,0.0,0.0,0.0,0.0,0.13822120368553018,0.0,0.13822120368553018,0.13822120368553018,0.0,0.0,0.0,0.0,0.0,0.0,0.0,0.0,0.0,0.1361016407052787,0.0,0.1361016407052787,0.0,0.0,0.0,0.0,0.0,0.0,0.1361016407052787,0.1361016407052787,0.0,0.0,0.0,0.0,0.0,0.0,0.0,0.0,0.0,0.0,0.0,0.0,I,2,Feminicidio
1,0.7141581860382075,0.42849491162292447,0.571326548830566,0.571326548830566,0.1428316372076415,0.0,0.285663274415283,0.1428316372076415,0.1428316372076415,0.1428316372076415,0.285663274415283,0.42849491162292447,0.42137494645026724,0.2809166309668448,0.702291577417112,0.0,0.5618332619336897,0.42137494645026724,0.0,0.0,0.1404583154834224,0.2809166309668448,0.702291577417112,0.42137494645026724,0.41466361105659055,0.27644240737106035,0.5528848147421207,0.9675484257987111,0.27644240737106035,0.6911060184276508,0.13822120368553018,0.8293272221131811,0.6911060184276508,0.5528848147421207,0.41466361105659055,0.9675484257987111,0.5444065628211148,0.6805082035263935,0.5444065628211148,0.5444065628211148,0.6805082035263935,0.1361016407052787,0.6805082035263935,0.4083049221158361,0.5444065628211148,0.1361016407052787,0.2722032814105574,1.2249147663475084,0.2681723651059482,0.0,0.2681723651059482,0.5363447302118964,1.0726894604237929,0.0,0.0,0.0,0.0,0.0,0.0,0.0,I,3,Homicidio culposo
1,0.0,0.1428316372076415,0.0,0.0,0.0,0.0,0.1428316372076415,0.0,0.0,0.0,0.285663274415283,0.0,0.1404583154834224,0.1404583154834224,0.0,0.0,0.1404583154834224,0.42137494645026724,0.0,0.1404583154834224,0.1404583154834224,0.5618332619336897,0.2809166309668448,0.0,0.0,0.13822120368553018,0.0,0.0,0.27644240737106035,0.0,0.0,0.0,0.0,0.0,0.0,0.0,0.1361016407052787,0.1361016407052787,0.1361016407052787,0.0,0.1361016407052787,0.0,0.2722032814105574,0.2722032814105574,0.0,0.1361016407052787,0.0,0.1361016407052787,0.1340861825529741,0.2681723651059482,0.40225854765892227,0.0,0.0,0.0,0.0,0.0,0.0,0.0,0.0,0.0,I,4,Secuestro
1,0.1428316372076415,0.285663274415283,0.0,0.1428316372076415,0.285663274415283,0.42849491162292447,0.1428316372076415,0.285663274415283,0.285663274415283,0.285663274415283,0.0,0.571326548830566,0.0,0.1404583154834224,0.42137494645026724,0.42137494645026724,0.1404583154834224,0.2809166309668448,0.42137494645026724,0.2809166309668448,0.5618332619336897,0.8427498929005345,0.8427498929005345,1.2641248393508018,0.8293272221131811,0.6911060184276508,0.27644240737106035,0.27644240737106035,0.41466361105659055,0.13822120368553018,0.41466361105659055,0.27644240737106035,0.6911060184276508,0.13822120368553018,0.8293272221131811,0.6911060184276508,1.361016407052787,0.5444065628211148,0.9527114849369509,0.9527114849369509,0.6805082035263935,0.5444065628211148,0.4083049221158361,0.6805082035263935,0.9527114849369509,0.8166098442316722,0.4083049221158361,0.2722032814105574,0.5363447302118964,1.2067756429767669,1.3408618255297409,1.2067756429767669,0.8045170953178445,0.0,0.0,0.0,0.0,0.0,0.0,0.0,I,5,Extorsión
1,9.712551330119622,8.141403320835565,8.141403320835565,8.71272986966613,9.56971969291198,10.712372790573111,7.998571683627923,8.998393144081414,8.71272986966613,9.141224781289056,8.56989823245849,9.141224781289056,6.4610825122374305,5.758790934820318,6.882457458687698,5.196957672886629,6.039707565787164,2.6687079941850254,4.6351244109529395,5.758790934820318,8.287040613521922,6.601540827720854,7.865665667071654,10.674831976740101,9.813705461672642,7.60216620270416,8.43149342481734,8.56971462850287,7.740387406389689,12.992793146439837,14.6514475906662,12.301687128012185,12.163465924326655,15.066111201722789,10.781253887471353,10.504811480100294,11.024232897127575,9.935419771485344,8.846606645843115,7.213386957379772,11.024232897127575,8.574403364432557,7.8938951609061645,8.846606645843115,12.249147663475084,11.160334537832854,8.302200083022,9.254911567958953,12.067756429767668,10.592808421684953,8.179257135731419,7.508826222966549,7.642912405519523,0.0,0.0,0.0,0.0,0.0,0.0,0.0,I,6,Robo con violencia
1,8.427066595250848,6.713086948759151,4.856275665059811,7.855740046420282,8.427066595250848,9.998214604534903,7.141581860382075,8.427066595250848,8.56989823245849,7.141581860382075,8.855561506873773,6.8559185859667915,4.6351244109529395,7.725207351588232,7.865665667071654,6.882457458687698,9.129790506422456,1.5450414703176465,5.477874303853474,6.180165881270586,8.287040613521922,5.618332619336896,5.196957672886629,10.534373661256682,7.187502591647569,7.60216620270416,9.675484257987112,7.187502591647569,6.358175369534387,8.43149342481734,11.887023516955596,12.578129535383246,9.951926665358172,13.683899164867487,9.399041850616051,11.610581109584533,11.840842741359246,12.249147663475084,11.976944382064525,9.254911567958953,12.249147663475084,8.846606645843115,9.935419771485344,7.349488598085051,10.071521412190624,9.527114849369509,8.166098442316722,9.391013208664232,12.604101159979566,9.386032778708188,10.056463691473057,8.84968804849629,10.056463691473057,0.0,0.0,0.0,0.0,0.0,0.0,0.0,I,7,Robo de vehículo
1,7.855740046420282,6.141760399928585,7.141581860382075,7.998571683627923,3.8564542046063206,7.712908409212641,5.71326548830566,8.56989823245849,7.570076772004999,7.570076772004999,7.427245134797357,6.998750223174433,4.213749464502672,3.932832833535827,4.494666095469517,3.370999571602138,2.5282496787016036,2.106874732251336,3.090082940635293,5.337415988370051,5.337415988370051,4.6351244109529395,3.651916202568983,3.370999571602138,4.561299721622496,4.423078517936966,3.5937512958237847,4.008414906880375,6.634617776905449,4.975963332679086,6.081732962163327,4.6995209253080255,4.975963332679086,6.911060184276509,5.667069351106737,4.008414906880375,6.532878753853377,3.5386426583372463,2.8581344548108527,4.083049221158361,4.627455783979476,4.7635574246847545,5.852370550326984,5.580167268916427,5.171862346800591,3.1303377362214104,4.355252502568918,6.532878753853377,3.7544131114832746,4.156671659142197,5.765705849777886,4.156671659142197,6.033878214883834,0.0,0.0,0.0,0.0,0.0,0.0,0.0,I,8,Robo a casa habitación
1,1.5711480092840564,1.428316372076415,1.8568112836993393,1.2854847348687735,1.2854847348687735,0.8569898232458489,0.571326548830566,1.2854847348687735,1.2854847348687735,0.9998214604534904,0.7141581860382075,1.8568112836993393,0.8427498929005345,0.8427498929005345,0.9832082083839567,0.8427498929005345,0.8427498929005345,0.1404583154834224,0.5618332619336897,0.0,1.1236665238673793,0.702291577417112,1.404583154834224,1.404583154834224,1.6586544442263622,1.3822120368553017,1.9350968515974223,1.5204332405408318,1.9350968515974223,1.7968756479118924,2.9026452773961333,1.7968756479118924,0.8293272221131811,1.3822120368553017,0.9675484257987111,0.8293272221131811,0.9527114849369509,1.0888131256422295,1.2249147663475084,2.449829532695017,1.4971180477580657,0.9527114849369509,0.8166098442316722,1.7693213291686232,0.8166098442316722,2.5859311734002954,1.361016407052787,1.2249147663475084,1.2067756429767669,1.7431203731886633,1.7431203731886633,1.474948008082715,0.9386032778708187,0.0,0.0,0.0,0.0,0.0,0.0,0.0,I,9,Robo de negocio
1,9.284056418496696,4.9991073022674515,5.998928762720943,6.284592037136226,7.998571683627923,8.141403320835565,6.5702553115515085,8.141403320835565,5.856097125513301,5.998928762720943,4.856275665059811,5.570433851098018,4.916041041919784,3.651916202568983,4.213749464502672,3.51145788708556,4.07329114901925,1.685499785801069,2.106874732251336,3.7923745180524056,4.6351244109529395,3.7923745180524056,4.775582726436362,6.601540827720854,4.423078517936966,4.008414906880375,5.114184536364617,5.252405740050147,4.6995209253080255,8.155051017446281,7.049281387962038,5.528848147421207,6.911060184276509,8.29327222113181,7.740387406389689,4.423078517936966,4.627455783979476,4.355252502568918,3.8108459397478036,2.8581344548108527,4.7635574246847545,4.627455783979476,4.21915086186364,5.171862346800591,5.035760706095312,5.852370550326984,4.21915086186364,5.171862346800591,4.5589302068011195,2.6817236510594817,2.94989601616543,2.547637468506508,3.7544131114832746,0.0,0.0,0.0,0.0,0.0,0.0,0.0,I,10,Robo a transeúnte total
1,0.42849491162292447,0.571326548830566,0.1428316372076415,0.42849491162292447,0.571326548830566,0.571326548830566,0.7141581860382075,0.285663274415283,0.0,0.285663274415283,0.42849491162292447,0.1428316372076415,0.1404583154834224,0.2809166309668448,0.8427498929005345,0.702291577417112,0.2809166309668448,0.1404583154834224,0.8427498929005345,0.42137494645026724,1.2641248393508018,0.9832082083839567,0.702291577417112,0.2809166309668448,0.13822120368553018,0.8293272221131811,0.5528848147421207,0.41466361105659055,0.41466361105659055,0.8293272221131811,0.9675484257987111,0.13822120368553018,0.9675484257987111,0.8293272221131811,0.6911060184276508,0.41466361105659055,0.5444065628211148,0.1361016407052787,0.8166098442316722,0.2722032814105574,1.361016407052787,0.4083049221158361,0.5444065628211148,0.5444065628211148,0.5444065628211148,1.2249147663475084,1.2249147663475084,0.5444065628211148,1.3408618255297409,0.9386032778708187,0.8045170953178445,0.8045170953178445,1.2067756429767669,0.0,0.0,0.0,0.0,0.0,0.0,0.0,I,11,Violación
1,0.0,0.0,0.0,0.0,0.0,0.0,0.0,0.0,0.0,0.0,0.0,0.0,0.0,0.0,0.1404583154834224,0.1404583154834224,0.0,0.1404583154834224,0.0,0.0,0.0,0.0,0.0,0.0,0.0,0.0,0.0,0.0,0.0,0.0,0.0,0.13822120368553018,0.0,0.0,0.0,0.0,0.1361016407052787,0.0,0.0,0.0,0.0,0.0,0.0,0.0,0.0,0.0,0.0,0.0,0.0,0.0,0.0,0.0,0.0,0.0,0.0,0.0,0.0,0.0,0.0,0.0,I,12,Trata de personas
1,0.7141581860382075,2.7138011069451884,3.2851276557757543,1.428316372076415,3.142296018568113,0.8569898232458489,2.1424745581146225,1.9996429209069808,2.1424745581146225,2.285306195322264,0.9998214604534904,1.428316372076415,1.9664164167679135,3.090082940635293,2.5282496787016036,3.090082940635293,1.8259581012844914,0.2809166309668448,2.6687079941850254,1.685499785801069,1.5450414703176465,0.9832082083839567,0.8427498929005345,2.2473330477347586,0.0,0.0,0.0,0.0,0.0,0.0,0.0,0.0,0.0,0.0,0.0,0.0,0.4083049221158361,0.6805082035263935,0.8166098442316722,3.6747442990425254,3.2664393769266886,2.5859311734002954,2.177626251284459,3.5386426583372463,3.4025410176319673,3.6747442990425254,2.9942360955161313,3.1303377362214104,4.961188754460042,5.22936111956599,7.374740040413575,6.302050579989783,6.167964397436808,0.0,0.0,0.0,0.0,0.0,0.0,0.0,I,13,Narcomenudeo
2,2.043201451490311,0.6129604354470933,1.0216007257451556,1.83888130634128,0.6129604354470933,0.4086402902980622,0.6129604354470933,1.0216007257451556,0.8172805805961244,0.4086402902980622,1.4302410160432177,1.0216007257451556,0.604481626780954,0.604481626780954,1.0074693779682566,0.8059755023746052,1.6119510047492105,0.2014938755936513,1.0074693779682566,0.2014938755936513,0.2014938755936513,0.604481626780954,0.604481626780954,0.8059755023746052,0.198683522976756,1.192101137860536,0.397367045953512,0.794734091907024,0.794734091907024,0.0,0.794734091907024,0.397367045953512,0.794734091907024,0.397367045953512,0.596050568930268,0.596050568930268,0.9795144351042301,0.587708661062538,0.7836115480833842,0.587708661062538,1.5672230961667684,0.587708661062538,0.7836115480833842,1.175417322125076,0.7836115480833842,0.19590288702084604,0.9795144351042301,0.19590288702084604,0.19316280920536685,0.5794884276161005,0.7726512368214674,0.9658140460268342,0.9658140460268342,0.0,0.0,0.0,0.0,0.0,0.0,0.0,II,1,Homicidio doloso
2,0.0,0.0,0.0,0.0,0.0,0.0,0.0,0.0,0.0,0.0,0.0,0.0,0.0,0.0,0.0,0.0,0.0,0.0,0.0,0.0,0.0,0.0,0.0,0.0,0.0,0.0,0.0,0.0,0.0,0.0,0.0,0.198683522976756,0.0,0.0,0.0,0.0,0.0,0.0,0.0,0.19590288702084604,0.0,0.0,0.19590288702084604,0.3918057740416921,0.0,0.0,0.0,0.0,0.0,0.0,0.0,0.19316280920536685,0.0,0.0,0.0,0.0,0.0,0.0,0.0,0.0,II,2,Feminicidio
2,0.8172805805961244,0.2043201451490311,0.6129604354470933,0.6129604354470933,0.6129604354470933,0.8172805805961244,0.6129604354470933,0.6129604354470933,0.4086402902980622,0.4086402902980622,0.2043201451490311,1.0216007257451556,0.4029877511873026,0.2014938755936513,0.604481626780954,0.4029877511873026,0.8059755023746052,0.8059755023746052,0.0,0.604481626780954,0.2014938755936513,0.604481626780954,0.4029877511873026,1.0074693779682566,0.198683522976756,0.99341761488378,1.390784660837292,0.794734091907024,0.596050568930268,1.390784660837292,1.390784660837292,1.589468183814048,0.397367045953512,1.390784660837292,1.192101137860536,0.596050568930268,0.587708661062538,1.5672230961667684,0.9795144351042301,0.587708661062538,0.19590288702084604,0.3918057740416921,0.7836115480833842,0.0,0.7836115480833842,1.7631259831876143,0.3918057740416921,0.9795144351042301,0.3863256184107337,0.7726512368214674,0.5794884276161005,1.158976855232201,1.7384652828483016,0.0,0.0,0.0,0.0,0.0,0.0,0.0,II,3,Homicidio culposo
2,0.0,0.0,0.4086402902980622,0.0,0.0,0.2043201451490311,0.0,0.0,0.0,0.0,0.2043201451490311,0.0,0.4029877511873026,0.0,0.0,0.0,0.0,0.2014938755936513,0.0,0.0,0.2014938755936513,0.0,0.2014938755936513,0.0,0.0,0.0,0.0,0.0,0.0,0.0,0.198683522976756,0.0,0.0,0.0,0.0,0.0,0.0,0.0,0.19590288702084604,0.0,0.0,0.19590288702084604,0.7836115480833842,0.0,0.0,0.19590288702084604,0.0,0.0,0.0,0.0,0.0,0.0,0.0,0.0,0.0,0.0,0.0,0.0,0.0,0.0,II,4,Secuestro
2,0.2043201451490311,0.6129604354470933,0.2043201451490311,0.2043201451490311,0.6129604354470933,0.0,0.0,0.6129604354470933,0.0,0.2043201451490311,0.4086402902980622,0.4086402902980622,0.604481626780954,0.604481626780954,0.4029877511873026,0.8059755023746052,0.8059755023746052,0.2014938755936513,0.4029877511873026,0.2014938755936513,0.2014938755936513,1.0074693779682566,1.0074693779682566,0.4029877511873026,0.596050568930268,0.198683522976756,0.198683522976756,0.198683522976756,0.596050568930268,0.794734091907024,0.397367045953512,0.397367045953512,0.198683522976756,0.794734091907024,0.198683522976756,0.397367045953512,0.3918057740416921,0.587708661062538,0.587708661062538,0.587708661062538,0.19590288702084604,0.7836115480833842,1.175417322125076,0.587708661062538,0.3918057740416921,0.7836115480833842,0.3918057740416921,0.587708661062538,0.0,0.19316280920536685,0.5794884276161005,0.19316280920536685,0.9658140460268342,0.0,0.0,0.0,0.0,0.0,0.0,0.0,II,5,Extorsión
2,2.043201451490311,2.6561618869374044,3.0648021772354666,4.699363338427716,2.8604820320864355,3.8820827578315913,2.4518417417883733,2.4518417417883733,3.2691223223844976,3.0648021772354666,3.8820827578315913,2.2475215966393423,2.8209142583111184,2.417926507123816,3.02240813390477,2.417926507123816,2.0149387559365133,1.4104571291555592,1.208963253561908,1.4104571291555592,2.8209142583111184,2.6194203827174674,2.8209142583111184,2.8209142583111184,3.774986936558365,3.774986936558365,2.5828857986978284,1.98683522976756,3.774986936558365,2.5828857986978284,4.1723539825118765,3.774986936558365,1.98683522976756,3.774986936558365,3.178936367628096,2.781569321674584,3.330349079354382,2.9385433053126904,1.7631259831876143,2.546737531270998,3.330349079354382,2.9385433053126904,1.5672230961667684,2.546737531270998,3.330349079354382,2.1549317572293063,2.7426404182918445,2.7426404182918445,2.1247909012590354,1.9316280920536684,2.8974421380805024,2.8974421380805024,3.2837677564912364,0.0,0.0,0.0,0.0,0.0,0.0,0.0,II,6,Robo con violencia
2,6.333924499619965,3.2691223223844976,2.8604820320864355,2.6561618869374044,2.8604820320864355,4.903683483576747,1.83888130634128,2.8604820320864355,3.8820827578315913,3.67776261268256,3.473442467533529,2.6561618869374044,4.029877511873027,4.029877511873027,4.835853014247632,3.6268897606857244,2.216432631530165,2.6194203827174674,1.208963253561908,1.8134448803428622,2.6194203827174674,2.216432631530165,2.0149387559365133,1.0074693779682566,3.178936367628096,2.98025284465134,2.384202275721072,1.390784660837292,3.5763034135816083,2.384202275721072,3.178936367628096,4.9670880744189,4.1723539825118765,3.774986936558365,3.3776198906048522,3.178936367628096,3.722154853396075,2.7426404182918445,3.1344461923335367,4.505766401479458,2.546737531270998,1.9590288702084602,2.350834644250152,3.9180577404169203,2.7426404182918445,4.113960627437766,3.5262519663752285,3.5262519663752285,2.317953710464402,4.635907420928804,5.022233039339538,3.2837677564912364,3.67009337490197,0.0,0.0,0.0,0.0,0.0,0.0,0.0,II,7,Robo de vehículo
2,4.086402902980622,6.129604354470933,5.312323773874809,5.720964064172871,3.67776261268256,4.4950431932786845,5.720964064172871,4.699363338427716,5.51664391902384,4.903683483576747,5.720964064172871,4.699363338427716,6.04481626780954,6.04481626780954,2.6194203827174674,3.4253958850920725,3.6268897606857244,1.8134448803428622,2.417926507123816,2.8209142583111184,3.6268897606857244,2.0149387559365133,3.02240813390477,1.8134448803428622,2.781569321674584,3.178936367628096,1.390784660837292,2.5828857986978284,2.1855187527443163,2.1855187527443163,3.178936367628096,1.589468183814048,4.569721028465389,2.781569321674584,2.98025284465134,1.589468183814048,2.350834644250152,2.7426404182918445,2.1549317572293063,1.5672230961667684,1.7631259831876143,1.5672230961667684,2.1549317572293063,3.9180577404169203,2.9385433053126904,2.1549317572293063,2.350834644250152,3.330349079354382,3.0906049472858697,1.3521396644375678,2.1247909012590354,1.9316280920536684,3.0906049472858697,0.0,0.0,0.0,0.0,0.0,0.0,0.0,II,8,Robo a casa habitación
2,0.8172805805961244,0.2043201451490311,0.4086402902980622,0.6129604354470933,0.2043201451490311,0.2043201451490311,0.0,0.4086402902980622,1.0216007257451556,0.2043201451490311,0.4086402902980622,0.4086402902980622,0.604481626780954,0.8059755023746052,0.0,0.604481626780954,1.0074693779682566,0.604481626780954,0.0,0.2014938755936513,0.0,0.2014938755936513,1.4104571291555592,0.8059755023746052,0.198683522976756,0.198683522976756,0.0,0.794734091907024,0.99341761488378,0.596050568930268,1.390784660837292,0.0,0.0,1.192101137860536,1.192101137860536,0.397367045953512,0.3918057740416921,0.3918057740416921,0.19590288702084604,0.19590288702084604,0.3918057740416921,0.3918057740416921,0.587708661062538,0.19590288702084604,0.19590288702084604,0.3918057740416921,0.3918057740416921,0.19590288702084604,0.3863256184107337,0.3863256184107337,0.0,0.5794884276161005,0.3863256184107337,0.0,0.0,0.0,0.0,0.0,0.0,0.0,II,9,Robo de negocio
2,1.83888130634128,1.4302410160432177,2.2475215966393423,2.043201451490311,2.4518417417883733,1.0216007257451556,1.2259208708941867,2.4518417417883733,2.043201451490311,2.4518417417883733,1.6345611611922488,1.4302410160432177,1.0074693779682566,1.6119510047492105,1.4104571291555592,2.0149387559365133,1.208963253561908,0.604481626780954,1.0074693779682566,0.4029877511873026,0.8059755023746052,0.4029877511873026,0.8059755023746052,1.8134448803428622,2.1855187527443163,2.1855187527443163,2.384202275721072,1.390784660837292,2.384202275721072,1.589468183814048,0.794734091907024,1.7881517067908042,1.192101137860536,1.192101137860536,2.1855187527443163,0.99341761488378,0.7836115480833842,2.1549317572293063,0.7836115480833842,0.9795144351042301,1.7631259831876143,0.9795144351042301,0.19590288702084604,1.7631259831876143,1.175417322125076,1.3713202091459222,0.7836115480833842,0.587708661062538,0.5794884276161005,0.3863256184107337,0.0,0.9658140460268342,1.3521396644375678,0.0,0.0,0.0,0.0,0.0,0.0,0.0,II,10,Robo a transeúnte total
2,1.4302410160432177,0.6129604354470933,1.2259208708941867,0.8172805805961244,1.2259208708941867,1.4302410160432177,0.8172805805961244,0.4086402902980622,0.6129604354470933,0.8172805805961244,0.8172805805961244,1.4302410160432177,0.4029877511873026,0.604481626780954,0.4029877511873026,1.208963253561908,0.604481626780954,0.8059755023746052,0.8059755023746052,0.604481626780954,0.8059755023746052,0.8059755023746052,1.0074693779682566,1.0074693779682566,0.596050568930268,0.596050568930268,0.596050568930268,0.794734091907024,1.192101137860536,1.7881517067908042,0.596050568930268,0.198683522976756,1.192101137860536,0.596050568930268,0.794734091907024,0.198683522976756,0.19590288702084604,0.19590288702084604,0.3918057740416921,0.3918057740416921,0.19590288702084604,0.7836115480833842,0.9795144351042301,0.587708661062538,0.19590288702084604,0.9795144351042301,0.19590288702084604,0.3918057740416921,0.5794884276161005,0.9658140460268342,0.5794884276161005,0.3863256184107337,0.9658140460268342,0.0,0.0,0.0,0.0,0.0,0.0,0.0,II,11,Violación
2,0.0,0.0,0.0,0.2043201451490311,0.0,0.2043201451490311,0.0,0.2043201451490311,0.0,0.0,0.0,0.0,0.0,0.2014938755936513,0.0,0.0,0.0,0.0,0.0,0.0,0.0,0.0,0.0,0.0,0.198683522976756,0.0,0.0,0.0,0.0,0.0,0.0,0.0,0.0,0.0,0.0,0.198683522976756,0.0,0.0,0.0,0.0,0.0,0.0,0.0,0.0,0.0,0.0,0.0,0.0,0.0,0.0,0.0,0.0,0.19316280920536685,0.0,0.0,0.0,0.0,0.0,0.0,0.0,II,12,Trata de personas
2,4.290723048129653,4.4950431932786845,5.9252842093219025,6.333924499619965,3.8820827578315913,3.67776261268256,4.290723048129653,3.8820827578315913,4.086402902980622,5.108003628725777,4.699363338427716,3.0648021772354666,2.216432631530165,4.029877511873027,3.223902009498421,3.02240813390477,6.04481626780954,3.223902009498421,2.8209142583111184,7.253779521371449,6.447804018996842,4.634359138653981,7.65676727255875,7.052285645777796,0.0,0.0,0.0,0.0,0.0,0.0,0.0,0.0,0.0,0.0,0.0,0.0,1.175417322125076,0.9795144351042301,0.19590288702084604,0.587708661062538,2.546737531270998,1.9590288702084602,1.175417322125076,1.5672230961667684,0.7836115480833842,1.7631259831876143,0.9795144351042301,0.587708661062538,0.7726512368214674,1.3521396644375678,1.158976855232201,1.3521396644375678,0.7726512368214674,0.0,0.0,0.0,0.0,0.0,0.0,0.0,II,13,Narcomenudeo
3,0.6852528560196951,0.6852528560196951,0.5025187610811097,0.7309363797543414,0.7309363797543414,0.5938858085504024,0.5938858085504024,0.3654681898771707,0.6852528560196951,0.5482022848157561,0.5482022848157561,0.3197846661425244,0.5841685820655752,0.3594883581942001,0.5392325372913002,0.6291046268398502,0.44936044774275014,0.3594883581942001,0.44936044774275014,0.3594883581942001,1.0335290298083253,0.6740406716141252,0.40442440296847515,0.44936044774275014,0.13268412465408144,0.6191925817190467,0.4422804155136048,0.3538243324108838,0.4422804155136048,0.2653682493081629,0.30959629085952334,0.3538243324108838,0.30959629085952334,0.5307364986163258,0.4422804155136048,0.3538243324108838,0.5662205864738613,0.5662205864738613,0.43555429728758566,0.6533314459313784,0.7404423053888955,0.3048880081013099,0.6097760162026198,0.8275531648464127,0.39199886755882707,0.696886875660137,0.8275531648464127,0.7404423053888955,0.7295579994318031,0.9012187051804625,0.8153883523061329,0.9441338816176275,0.772473175868968,0.0,0.0,0.0,0.0,0.0,0.0,0.0,III,1,Homicidio doloso
3,0.0,0.09136704746929268,0.0,0.04568352373464634,0.04568352373464634,0.04568352373464634,0.0,0.04568352373464634,0.04568352373464634,0.04568352373464634,0.04568352373464634,0.04568352373464634,0.08987208954855003,0.0,0.044936044774275014,0.044936044774275014,0.0,0.0,0.0,0.044936044774275014,0.08987208954855003,0.044936044774275014,0.0,0.0,0.0,0.08845608310272095,0.0,0.044228041551360474,0.044228041551360474,0.044228041551360474,0.08845608310272095,0.044228041551360474,0.0,0.13268412465408144,0.0,0.08845608310272095,0.0,0.0,0.0,0.0,0.0,0.0,0.08711085945751712,0.08711085945751712,0.0,0.04355542972875856,0.0,0.08711085945751712,0.08583035287432977,0.0,0.0,0.08583035287432977,0.04291517643716489,0.0,0.0,0.0,0.0,0.0,0.0,0.0,III,2,Feminicidio
3,1.5989233307126218,1.0507210458968657,1.1420880933661586,0.822303427223634,0.6852528560196951,0.3654681898771707,0.3197846661425244,0.7766199034889878,0.5938858085504024,0.6852528560196951,0.27410114240787803,0.6395693322850488,1.0784650745826003,0.22468022387137507,0.17974417909710005,0.08987208954855003,0.08987208954855003,0.4942964925170252,0.0,0.13480813432282504,0.4942964925170252,0.6740406716141252,0.6291046268398502,1.0784650745826003,0.7076486648217676,0.4865084570649652,0.4422804155136048,0.1769121662054419,0.4422804155136048,0.1769121662054419,0.13268412465408144,0.1769121662054419,0.1769121662054419,0.0,0.13268412465408144,0.30959629085952334,0.43555429728758566,0.3048880081013099,0.26133257837255136,0.04355542972875856,0.17422171891503424,0.3484434378300685,0.0,0.13066628918627568,0.21777714864379283,0.26133257837255136,0.26133257837255136,0.39199886755882707,0.12874552931149466,0.2574910586229893,0.772473175868968,0.3433214114973191,0.4291517643716488,0.0,0.0,0.0,0.0,0.0,0.0,0.0,III,3,Homicidio culposo
3,0.0,0.13705057120393901,0.09136704746929268,0.04568352373464634,0.0,0.09136704746929268,0.04568352373464634,0.13705057120393901,0.09136704746929268,0.04568352373464634,0.09136704746929268,0.09136704746929268,0.08987208954855003,0.08987208954855003,0.08987208954855003,0.08987208954855003,0.17974417909710005,0.17974417909710005,0.08987208954855003,0.08987208954855003,0.08987208954855003,0.17974417909710005,0.22468022387137507,0.044936044774275014,0.044228041551360474,0.08845608310272095,0.08845608310272095,0.08845608310272095,0.08845608310272095,0.044228041551360474,0.1769121662054419,0.0,0.2211402077568024,0.1769121662054419,0.30959629085952334,0.044228041551360474,0.21777714864379283,0.08711085945751712,0.08711085945751712,0.08711085945751712,0.13066628918627568,0.13066628918627568,0.0,0.13066628918627568,0.13066628918627568,0.04355542972875856,0.13066628918627568,0.17422171891503424,0.08583035287432977,0.04291517643716489,0.12874552931149466,0.08583035287432977,0.04291517643716489,0.0,0.0,0.0,0.0,0.0,0.0,0.0,III,4,Secuestro
3,0.3654681898771707,0.3654681898771707,0.5025187610811097,0.5938858085504024,0.5025187610811097,0.3197846661425244,0.27410114240787803,0.27410114240787803,0.3654681898771707,0.6852528560196951,0.822303427223634,0.6852528560196951,0.5841685820655752,0.5392325372913002,0.6740406716141252,0.3594883581942001,0.4942964925170252,0.4942964925170252,0.9885929850340504,0.8987208954855003,0.7639127611626751,1.1234011193568754,1.0784650745826003,0.9436569402597752,1.1057010387840118,0.7076486648217676,0.4422804155136048,0.7076486648217676,1.0614729972326515,0.7076486648217676,0.3538243324108838,0.2653682493081629,0.6634206232704071,0.5749645401676862,0.6191925817190467,0.92878887257857,0.7839977351176541,0.6533314459313784,0.4791097270163442,0.5662205864738613,0.5662205864738613,0.5226651567451027,0.21777714864379283,0.7839977351176541,0.9146640243039298,1.0453303134902054,1.2195520324052396,0.9146640243039298,0.8153883523061329,0.9870490580547925,0.9870490580547925,0.7295579994318031,1.158709763803452,0.0,0.0,0.0,0.0,0.0,0.0,0.0,III,5,Extorsión
3,18.867295302408937,21.24283853661055,24.486368721770436,27.592848335726387,25.08025453032084,25.354355672728715,26.039608528748413,23.20723005720034,23.389964152138926,22.887445391057817,21.97377491636489,23.70974881828145,17.39024932764443,18.64845858132413,21.164877088683532,23.007254924428807,21.254749178232082,15.77255171577053,17.075697014224502,18.558586491775582,25.164185073594005,26.017969924305234,24.49014440197988,31.14067902857258,26.757965138573088,24.76770326876187,23.97159852083738,22.1582488172316,29.72124392251424,28.129034426665264,31.755733833876825,37.28423902779688,36.26699407211559,45.33374259014449,40.38020193639211,39.93792152087851,44.9927589098076,31.447020264163683,24.608817796748585,21.908381153565557,22.256824591395624,20.950161699532867,18.075503337434803,30.445245380402234,29.79191393447086,31.40346483443492,31.882574561451268,30.53235623985975,28.109440566343,23.388771158254865,22.358806923762906,21.972570335828422,21.886739982954094,0.0,0.0,0.0,0.0,0.0,0.0,0.0,III,6,Robo con violencia
3,16.491752068207326,13.659373596659256,15.806499212187632,16.99427082928844,17.999308351450658,18.547510636266413,17.907941303981364,18.547510636266413,16.8572202580845,16.948587305553794,17.131321400492375,18.501827112531767,14.739022685962205,17.48012141719298,15.997231939641905,15.727615670996256,13.52574947705678,13.480813432282504,14.649150596413653,14.559278506865104,16.806080745578853,16.940888879901678,15.637743581447703,16.58140052170748,18.53154941002004,16.85088383106834,17.912356828300993,20.035302822766294,19.63725044880405,17.47007641278739,21.008319736896226,20.38912715517718,18.310409202263237,22.025564692577518,21.848652526372074,19.106513950187725,23.04082232651328,21.516382286006728,19.251499940111284,18.162614196892317,17.378616461774666,16.42039700774198,17.204394742859634,18.99016736173873,19.64349880767011,21.21149427790542,16.551063296928255,16.899506734758322,14.376584106450238,13.732856459892762,19.22599904384987,17.895628574297756,15.492378693816525,0.0,0.0,0.0,0.0,0.0,0.0,0.0,III,7,Robo de vehículo
3,6.258642751646548,6.212959227911902,6.212959227911902,7.492097892482,5.98454160923867,6.395693322850487,5.801807514300085,5.527706371892207,5.893174561769378,6.943895607666244,5.527706371892207,4.659719420933927,3.594883581942001,4.7182847012988764,4.7182847012988764,4.898028880395977,5.077773059493077,3.505011492393451,4.987900969944526,4.268924253556126,4.942964925170251,4.0442440296847515,4.089180074459026,4.763220746073151,5.616961277022781,3.8920676565197216,3.449787241006117,5.970785609433665,5.041996736855094,5.5727332354714205,6.015013650985025,5.4842771523686995,4.820856529098291,5.1746808615091755,4.865084570649652,4.68817240444421,5.183096137722269,4.616875551248407,4.660430980977166,4.181321253960822,3.397323518843168,3.1359909404706166,3.179546370199375,3.702211526944478,3.0053246512843406,4.137765824232064,3.5279898080294436,3.658656097215719,3.6907051735961804,3.2186382327873666,4.549008702339478,3.94819623221917,4.549008702339478,0.0,0.0,0.0,0.0,0.0,0.0,0.0,III,8,Robo a casa habitación
3,2.832378471548073,2.421226757936256,2.832378471548073,2.6496443766094875,2.1928091392630242,2.558277329140195,1.9643915205897926,1.9187079968551461,2.2384926629976705,3.4262642800984753,3.334897232629183,2.7410114240787804,2.336674328262301,1.4379534327768004,2.4714824625851257,1.3930173880025254,2.4265464178108505,0.7639127611626751,0.40442440296847515,0.3594883581942001,1.8873138805195504,1.3480813432282504,2.336674328262301,2.651226641682226,3.228647033249315,2.4767703268761867,2.2556301191193846,2.2556301191193846,2.8305946592870703,3.1844189916979544,3.1844189916979544,4.068979822725164,4.467032196687408,4.953540653752373,4.997768695303734,4.776628487546931,4.878208129620958,4.486209262062132,2.874658362098065,4.442653832333373,4.007099535045788,2.5262149242679963,3.615100667486961,5.6186504350098545,7.27375676470268,7.491533913346473,8.928863094395505,7.360867624160197,6.608937171323392,4.677754231650972,4.334432820153654,4.506093525902314,5.965209524765919,0.0,0.0,0.0,0.0,0.0,0.0,0.0,III,9,Robo de negocio
3,15.85218273592228,16.62880263941127,21.60830672648772,23.344280628404277,21.562623202753073,21.74535729769166,21.47125615528378,17.907941303981364,20.32916806191762,19.3241305397554,18.912978826143586,19.187079968551462,14.739022685962205,14.559278506865104,15.727615670996256,19.36743529771253,17.030760969450228,11.593499551762953,10.694778656277453,11.27894723834303,19.771859700681006,18.28897022312993,15.95229589486763,21.254749178232082,18.62000549312276,18.398865285365957,17.027795997273785,15.656726709181608,21.627512318615274,20.787179529139426,23.485090063772414,26.802193180124448,29.190507423897913,34.40941632695845,31.490365584568657,27.996350302011184,31.577686553349956,18.031947907706044,15.679954702353083,12.805296340255017,12.239075753781156,13.110184348356327,9.320861961954332,19.469277088755074,18.46750220499363,20.732384550889076,22.561712599496936,21.037272558990384,15.063226929444873,12.531231519652149,9.527169169050605,11.58709763803452,13.861601989204258,0.0,0.0,0.0,0.0,0.0,0.0,0.0,III,10,Robo a transeúnte total
3,0.9136704746929268,0.5482022848157561,0.5025187610811097,0.4568352373464634,0.3197846661425244,0.6395693322850488,0.3197846661425244,0.3197846661425244,0.3654681898771707,0.5482022848157561,0.3197846661425244,0.5938858085504024,0.17974417909710005,0.8088488059369503,0.8088488059369503,0.5841685820655752,0.7189767163884002,0.9436569402597752,1.2132732089054252,1.6176976118739006,1.3930173880025254,1.0335290298083253,0.9885929850340504,0.6291046268398502,0.3980523739622443,0.92878887257857,0.4422804155136048,0.4422804155136048,0.30959629085952334,0.4865084570649652,0.08845608310272095,0.1769121662054419,0.044228041551360474,0.044228041551360474,0.044228041551360474,0.1769121662054419,0.17422171891503424,0.26133257837255136,0.26133257837255136,0.21777714864379283,0.5662205864738613,0.696886875660137,0.5226651567451027,0.6097760162026198,1.3066628918627567,1.4373291810490325,1.5679954702353083,1.2195520324052396,1.3303704695521115,1.2445401166777816,1.4591159988636062,1.3303704695521115,1.7166070574865953,0.0,0.0,0.0,0.0,0.0,0.0,0.0,III,11,Violación
3,0.0,0.0,0.0,0.18273409493858536,0.13705057120393901,0.2284176186732317,0.0,0.0,0.13705057120393901,0.04568352373464634,0.04568352373464634,0.09136704746929268,0.13480813432282504,0.0,0.0,0.0,0.0,0.044936044774275014,0.0,0.13480813432282504,0.044936044774275014,0.0,0.044936044774275014,0.0,0.0,0.0,0.044228041551360474,0.0,0.0,0.044228041551360474,0.0,0.0,0.0,0.0,0.0,0.044228041551360474,0.0,0.0,0.0,0.04355542972875856,0.04355542972875856,0.0,0.0,0.0,0.0,0.0,0.0,0.04355542972875856,0.0,0.0,0.0,0.0,0.0,0.0,0.0,0.0,0.0,0.0,0.0,0.0,III,12,Trata de personas
3,3.3805807563638286,3.563314851302415,4.3856182785260485,4.11151713611817,3.746048946241,3.471947803833122,3.928783041179585,4.7967699921378655,4.157200659852817,4.020150088648878,3.7917324699756456,2.284176186732317,4.673348656524602,3.639819626716276,3.639819626716276,3.415139402844901,3.0556510446507006,1.9771859700681007,1.2582092536797005,0.9885929850340504,1.3031452984539753,2.336674328262301,1.8873138805195504,2.786034776005051,0.0,0.0,0.0,0.0,0.0,0.0,0.0,0.0,0.0,0.0,0.0,0.0,0.08711085945751712,0.3484434378300685,0.21777714864379283,0.21777714864379283,0.5662205864738613,0.39199886755882707,0.13066628918627568,0.39199886755882707,0.8711085945751713,0.3048880081013099,0.3048880081013099,0.17422171891503424,0.386236587934484,0.4291517643716488,0.9441338816176275,0.5578972936831436,0.47206694080881373,0.0,0.0,0.0,0.0,0.0,0.0,0.0,III,13,Narcomenudeo
4,0.3761514937602737,0.6269191562671228,0.3761514937602737,0.2507676625068491,0.5015353250136982,0.2507676625068491,0.3761514937602737,0.12538383125342456,0.2507676625068491,0.12538383125342456,0.12538383125342456,0.7523029875205474,0.8632671207451722,0.8632671207451722,0.36997162317650234,0.4932954975686698,0.9865909951373396,0.4932954975686698,0.12332387439216745,0.2466477487843349,0.12332387439216745,0.4932954975686698,0.0,0.12332387439216745,0.0,0.0,0.24269311698050933,0.12134655849025466,0.12134655849025466,0.24269311698050933,0.24269311698050933,0.12134655849025466,0.0,0.48538623396101865,0.6067327924512733,0.364039675470764,0.23888811913828278,0.23888811913828278,0.47777623827656557,0.23888811913828278,0.23888811913828278,0.9555524765531311,0.23888811913828278,0.3583321787074242,0.47777623827656557,0.8361084169839897,0.3583321787074242,0.47777623827656557,0.11761122199235761,0.47044488796943046,0.7056673319541458,0.11761122199235761,0.8232785539465034,0.0,0.0,0.0,0.0,0.0,0.0,0.0,IV,1,Homicidio doloso
4,0.0,0.0,0.0,0.0,0.0,0.0,0.12538383125342456,0.0,0.0,0.12538383125342456,0.0,0.12538383125342456,0.2466477487843349,0.0,0.0,0.12332387439216745,0.0,0.12332387439216745,0.0,0.0,0.0,0.0,0.0,0.0,0.0,0.0,0.0,0.0,0.0,0.0,0.0,0.0,0.0,0.0,0.12134655849025466,0.12134655849025466,0.0,0.0,0.0,0.0,0.0,0.11944405956914139,0.0,0.0,0.0,0.11944405956914139,0.0,0.0,0.0,0.11761122199235761,0.0,0.0,0.11761122199235761,0.0,0.0,0.0,0.0,0.0,0.0,0.0,IV,2,Feminicidio
4,1.1284544812808208,1.5046059750410947,1.1284544812808208,0.12538383125342456,0.3761514937602737,0.12538383125342456,0.3761514937602737,0.2507676625068491,0.12538383125342456,0.12538383125342456,0.2507676625068491,0.2507676625068491,0.0,0.12332387439216745,0.0,0.0,0.0,0.12332387439216745,0.0,0.0,0.36997162317650234,0.4932954975686698,0.12332387439216745,0.0,0.12134655849025466,0.364039675470764,0.12134655849025466,0.12134655849025466,0.364039675470764,0.24269311698050933,0.0,0.12134655849025466,0.0,0.12134655849025466,0.24269311698050933,0.0,0.11944405956914139,0.11944405956914139,0.47777623827656557,0.0,0.11944405956914139,0.11944405956914139,0.11944405956914139,0.597220297845707,0.11944405956914139,0.23888811913828278,0.597220297845707,0.47777623827656557,0.23522244398471523,0.9408897759388609,0.8232785539465034,0.5880561099617881,0.11761122199235761,0.0,0.0,0.0,0.0,0.0,0.0,0.0,IV,3,Homicidio culposo
4,0.2507676625068491,0.0,0.12538383125342456,0.12538383125342456,0.12538383125342456,0.0,0.0,0.0,0.0,0.0,0.2507676625068491,0.12538383125342456,0.12332387439216745,0.36997162317650234,0.12332387439216745,0.12332387439216745,0.12332387439216745,0.0,0.0,0.12332387439216745,0.0,0.4932954975686698,0.36997162317650234,0.0,0.24269311698050933,0.12134655849025466,0.12134655849025466,0.12134655849025466,0.0,0.12134655849025466,0.0,0.12134655849025466,0.0,0.12134655849025466,0.0,0.0,0.0,0.11944405956914139,0.0,0.0,0.11944405956914139,0.0,0.0,0.0,0.11944405956914139,0.0,0.11944405956914139,0.23888811913828278,0.23522244398471523,0.11761122199235761,0.0,0.0,0.23522244398471523,0.0,0.0,0.0,0.0,0.0,0.0,0.0,IV,4,Secuestro
4,0.2507676625068491,0.0,0.12538383125342456,0.12538383125342456,0.12538383125342456,0.6269191562671228,0.0,0.0,0.0,0.0,0.0,0.0,0.0,0.0,0.0,0.0,0.0,0.12332387439216745,0.12332387439216745,0.0,0.0,0.0,0.0,0.0,0.12134655849025466,0.0,0.12134655849025466,0.0,0.12134655849025466,0.0,0.24269311698050933,0.0,0.0,0.0,0.0,0.0,0.0,0.11944405956914139,0.0,0.0,0.11944405956914139,0.0,0.0,0.23888811913828278,0.11944405956914139,0.23888811913828278,0.0,0.23888811913828278,0.11761122199235761,0.11761122199235761,0.0,0.0,0.23522244398471523,0.0,0.0,0.0,0.0,0.0,0.0,0.0,IV,5,Extorsión
4,2.006141300054793,3.0092119500821894,2.507676625068491,2.507676625068491,2.6330604563219153,2.2569089625616416,2.006141300054793,2.6330604563219153,1.2538383125342456,1.629989806294519,2.8838281188287644,2.507676625068491,2.8364491110198515,1.7265342414903444,1.2332387439216745,2.9597729854120187,2.8364491110198515,2.3431536134511814,0.9865909951373396,0.7399432463530047,1.4798864927060094,1.4798864927060094,1.9731819902746792,1.4798864927060094,1.82019837735382,2.062891494334329,2.5482777282953477,1.3348121433928013,2.6696242867856026,3.8830898716881492,4.247129547158913,3.0336639622563664,3.1550105207466212,3.39770363772713,4.8538623396101865,3.64039675470764,3.2249896083668173,3.8222099062125245,3.7027658466433833,3.1055455487976764,5.374982680611362,4.538874263627372,5.016650501903938,4.777762382765656,4.777762382765656,3.9416539657816663,4.777762382765656,3.2249896083668173,4.586837657701947,2.822669327816583,4.704448879694305,3.410725437778371,2.705058105824225,0.0,0.0,0.0,0.0,0.0,0.0,0.0,IV,6,Robo con violencia
4,5.642272406404104,6.018423900164379,5.140737081390406,3.636131106349312,4.38843409386986,3.5107472750958872,5.015353250136982,3.761514937602736,5.015353250136982,4.012282600109586,5.140737081390406,4.012282600109586,3.8230401061571913,4.932954975686698,4.0696878549415265,4.193011729333693,4.316335603725861,4.686307226902363,3.576392357372856,2.713125236627684,2.219829739059014,2.466477487843349,2.5898013622355163,3.453068482980689,2.184238052824584,3.64039675470764,4.611169222629677,1.9415449358440746,4.732515781119932,4.368476105649168,5.703288249041969,7.6448331848860445,5.581941690551714,4.125782988668658,7.159446950925025,6.067327924512733,8.241640110270756,8.361084169839897,8.480528229409039,7.4055316932867665,9.316636646393029,7.76386387199419,8.59997228897818,9.555524765531311,7.524975752855907,7.644419812425049,9.913856944238736,10.630521301653584,9.056064093411537,5.880561099617881,8.232785539465034,7.40950698551853,6.939062097549099,0.0,0.0,0.0,0.0,0.0,0.0,0.0,IV,7,Robo de vehículo
4,1.1284544812808208,0.7523029875205474,1.1284544812808208,0.5015353250136982,0.0,0.12538383125342456,0.3761514937602737,0.12538383125342456,0.12538383125342456,0.0,0.12538383125342456,0.3761514937602737,0.0,0.12332387439216745,0.36997162317650234,0.2466477487843349,0.2466477487843349,0.6166193719608373,0.4932954975686698,0.4932954975686698,0.36997162317650234,0.2466477487843349,0.8632671207451722,0.2466477487843349,0.24269311698050933,0.12134655849025466,0.12134655849025466,0.728079350941528,0.6067327924512733,0.364039675470764,0.6067327924512733,0.364039675470764,0.364039675470764,0.48538623396101865,0.48538623396101865,0.728079350941528,0.47777623827656557,0.9555524765531311,2.149993072244545,1.3138846552605552,1.6722168339679795,1.5527727743988382,1.3138846552605552,1.3138846552605552,1.4333287148296967,1.194440595691414,1.0749965361222724,1.194440595691414,1.2937234419159338,1.0585009979312185,1.4113346639082915,1.528945885900649,1.1761122199235763,0.0,0.0,0.0,0.0,0.0,0.0,0.0,IV,8,Robo a casa habitación
4,0.0,0.6269191562671228,0.3761514937602737,0.2507676625068491,0.0,0.12538383125342456,0.0,0.12538383125342456,0.0,0.0,0.0,0.0,0.4932954975686698,0.0,0.0,0.12332387439216745,0.0,0.0,0.0,0.0,0.36997162317650234,0.0,0.2466477487843349,0.12332387439216745,0.12134655849025466,0.24269311698050933,0.12134655849025466,0.0,0.0,0.12134655849025466,0.12134655849025466,0.12134655849025466,0.12134655849025466,0.24269311698050933,0.0,0.0,0.11944405956914139,0.11944405956914139,0.0,0.23888811913828278,0.47777623827656557,0.0,0.3583321787074242,0.47777623827656557,0.11944405956914139,1.194440595691414,0.8361084169839897,0.47777623827656557,0.47044488796943046,0.8232785539465034,0.7056673319541458,0.7056673319541458,0.7056673319541458,0.0,0.0,0.0,0.0,0.0,0.0,0.0,IV,9,Robo de negocio
4,1.1284544812808208,0.7523029875205474,0.8776868187739718,0.2507676625068491,0.12538383125342456,0.2507676625068491,0.2507676625068491,0.7523029875205474,0.7523029875205474,0.12538383125342456,0.3761514937602737,0.3761514937602737,0.6166193719608373,0.12332387439216745,0.12332387439216745,0.6166193719608373,0.7399432463530047,0.4932954975686698,0.12332387439216745,0.0,0.12332387439216745,0.0,0.2466477487843349,0.2466477487843349,0.0,0.24269311698050933,0.364039675470764,0.48538623396101865,0.48538623396101865,0.728079350941528,1.2134655849025466,0.364039675470764,0.6067327924512733,0.8494259094317825,0.9707724679220373,1.092119026412292,0.3583321787074242,0.47777623827656557,1.194440595691414,0.7166643574148484,1.4333287148296967,0.9555524765531311,0.8361084169839897,1.3138846552605552,1.0749965361222724,0.47777623827656557,0.7166643574148484,0.3583321787074242,0.9408897759388609,0.47044488796943046,1.1761122199235763,0.5880561099617881,0.5880561099617881,0.0,0.0,0.0,0.0,0.0,0.0,0.0,IV,10,Robo a transeúnte total
4,0.6269191562671228,0.7523029875205474,0.12538383125342456,0.3761514937602737,0.6269191562671228,0.7523029875205474,0.12538383125342456,0.7523029875205474,0.6269191562671228,0.3761514937602737,0.3761514937602737,0.5015353250136982,0.4932954975686698,0.2466477487843349,0.36997162317650234,0.36997162317650234,0.7399432463530047,0.12332387439216745,0.2466477487843349,0.7399432463530047,0.6166193719608373,0.36997162317650234,0.36997162317650234,0.0,0.12134655849025466,0.48538623396101865,0.6067327924512733,0.364039675470764,0.728079350941528,0.48538623396101865,0.48538623396101865,0.9707724679220373,0.6067327924512733,0.48538623396101865,0.48538623396101865,0.728079350941528,0.3583321787074242,0.8361084169839897,0.597220297845707,0.47777623827656557,1.0749965361222724,0.8361084169839897,0.7166643574148484,0.597220297845707,0.47777623827656557,0.47777623827656557,0.3583321787074242,0.597220297845707,0.23522244398471523,0.9408897759388609,0.47044488796943046,0.3528336659770729,0.5880561099617881,0.0,0.0,0.0,0.0,0.0,0.0,0.0,IV,11,Violación
4,0.0,0.0,0.0,0.0,0.0,0.0,0.0,0.0,0.0,0.0,0.0,0.0,0.0,0.0,0.0,0.0,0.12332387439216745,0.0,0.0,0.0,0.0,0.0,0.0,0.0,0.0,0.0,0.0,0.12134655849025466,0.0,0.0,0.0,0.0,0.12134655849025466,0.0,0.0,0.0,0.0,0.0,0.0,0.11944405956914139,0.0,0.0,0.0,0.0,0.0,0.0,0.0,0.0,0.0,0.0,0.0,0.0,0.0,0.0,0.0,0.0,0.0,0.0,0.0,0.0,IV,12,Trata de personas
4,1.0030706500273965,2.131525131308217,1.880757468801368,1.880757468801368,1.1284544812808208,0.8776868187739718,1.0030706500273965,1.2538383125342456,0.6269191562671228,0.7523029875205474,0.8776868187739718,0.5015353250136982,0.2466477487843349,0.2466477487843349,0.2466477487843349,0.8632671207451722,1.2332387439216745,1.2332387439216745,0.12332387439216745,0.9865909951373396,0.6166193719608373,1.9731819902746792,1.4798864927060094,1.8498581158825118,0.0,0.0,0.0,0.0,0.0,0.0,0.0,0.0,0.0,0.0,0.0,0.0,0.597220297845707,0.47777623827656557,0.23888811913828278,0.23888811913828278,0.9555524765531311,0.8361084169839897,0.11944405956914139,0.597220297845707,0.47777623827656557,0.11944405956914139,0.11944405956914139,0.11944405956914139,0.11761122199235761,0.23522244398471523,0.47044488796943046,0.11761122199235761,0.11761122199235761,0.0,0.0,0.0,0.0,0.0,0.0,0.0,IV,13,Narcomenudeo
5,0.8645294378277257,0.6483970783707943,0.8645294378277257,0.6964264915834457,1.1527059171036342,0.9846029708593543,0.6483970783707943,0.9846029708593543,0.9365735576467029,0.8885441444340515,1.104676503890983,1.2247500369226114,1.0906167366518589,0.8772352012199733,1.1854529746215856,1.0194895581745635,1.5410888670080614,0.9957804986821319,1.232871093606449,1.4936707480231979,1.0431986176669954,1.0906167366518589,1.1143257961442905,0.9720714391897003,1.147314744961298,0.819510532115213,1.147314744961298,1.1941439182250246,1.3112168513843407,1.264387678120614,0.8663397053789393,1.2175585048568878,1.358046024648067,1.5453627177029727,1.264387678120614,1.1239001583294348,1.3185269694282171,0.8096218233331159,0.7402256670474202,1.3416590215234492,1.0872064484758985,1.2259987610472898,1.4804513340948404,0.994678240094971,1.2953949173329855,1.3185269694282171,1.6423756987614635,1.5729795424757682,1.3488553818986808,1.0287880031430616,1.600336893778096,1.2802695150224768,1.1430977812700687,0.0,0.0,0.0,0.0,0.0,0.0,0.0,V,1,Homicidio doloso
5,0.024014706606325716,0.0,0.024014706606325716,0.0,0.024014706606325716,0.024014706606325716,0.024014706606325716,0.024014706606325716,0.04802941321265143,0.04802941321265143,0.0,0.0,0.04741811898486343,0.0,0.023709059492431715,0.0,0.023709059492431715,0.07112717847729513,0.04741811898486343,0.023709059492431715,0.023709059492431715,0.0,0.023709059492431715,0.0,0.023414586631863226,0.023414586631863226,0.04682917326372645,0.04682917326372645,0.023414586631863226,0.023414586631863226,0.04682917326372645,0.04682917326372645,0.023414586631863226,0.0,0.04682917326372645,0.0,0.06939615628569565,0.0,0.0,0.04626410419046376,0.04626410419046376,0.0,0.04626410419046376,0.0,0.0,0.02313205209523188,0.06939615628569565,0.11566026047615942,0.022861955625401373,0.022861955625401373,0.045723911250802746,0.022861955625401373,0.022861955625401373,0.0,0.0,0.0,0.0,0.0,0.0,0.0,V,2,Feminicidio
5,0.9605882642530286,0.43226471891386287,0.43226471891386287,0.24014706606325714,0.21613235945693143,0.14408823963795428,0.28817647927590856,0.19211765285060572,0.21613235945693143,0.26416177266958285,0.19211765285060572,0.31219118588223427,0.04741811898486343,0.2370905949243171,0.26079965441674885,0.331926832894044,0.14225435695459027,0.3556358923864757,0.04741811898486343,0.26079965441674885,0.331926832894044,0.4741811898486342,0.3556358923864757,0.49789024934106596,0.6087792524284439,0.8429251187470761,0.6087792524284439,0.819510532115213,0.7726813588514864,0.4917063192691277,0.2809750395823587,0.30438962621422194,0.44487714600540124,0.5619500791647174,0.3980479727416748,0.9131688786426657,0.3238487293332464,0.4626410419046377,0.3007166772380145,0.4163769377141739,0.3469807814284782,0.3007166772380145,0.23132052095231884,0.4626410419046377,0.4626410419046377,0.1619243646666232,0.4395089898094058,0.601433354476029,0.3429293343810206,0.3200673787556192,0.2972054231302178,0.2972054231302178,0.3429293343810206,0.0,0.0,0.0,0.0,0.0,0.0,0.0,V,3,Homicidio culposo
5,0.07204411981897714,0.024014706606325716,0.09605882642530286,0.04802941321265143,0.09605882642530286,0.04802941321265143,0.0,0.0,0.12007353303162857,0.04802941321265143,0.12007353303162857,0.07204411981897714,0.14225435695459027,0.165963416447022,0.18967247593945372,0.07112717847729513,0.09483623796972686,0.11854529746215856,0.26079965441674885,0.07112717847729513,0.04741811898486343,0.165963416447022,0.11854529746215856,0.04741811898486343,0.04682917326372645,0.0936583465274529,0.023414586631863226,0.0936583465274529,0.07024375989558967,0.023414586631863226,0.04682917326372645,0.023414586631863226,0.07024375989558967,0.023414586631863226,0.07024375989558967,0.023414586631863226,0.04626410419046376,0.04626410419046376,0.09252820838092753,0.06939615628569565,0.09252820838092753,0.09252820838092753,0.02313205209523188,0.02313205209523188,0.0,0.1387923125713913,0.06939615628569565,0.20818846885708694,0.09144782250160549,0.0685858668762041,0.0685858668762041,0.09144782250160549,0.1371717337524082,0.0,0.0,0.0,0.0,0.0,0.0,0.0,V,4,Secuestro
5,0.31219118588223427,0.36022059909488574,0.38423530570121145,0.31219118588223427,0.21613235945693143,0.19211765285060572,0.26416177266958285,0.33620589248856003,0.21613235945693143,0.14408823963795428,0.14408823963795428,0.09605882642530286,0.11854529746215856,0.18967247593945372,0.14225435695459027,0.30821777340161227,0.2370905949243171,0.331926832894044,0.331926832894044,0.4030540113713391,0.663853665788088,0.7349808442653831,0.6164355468032245,0.49789024934106596,0.3980479727416748,0.3278042128460852,0.3980479727416748,0.3278042128460852,0.3746333861098116,0.25756045295049546,0.3746333861098116,0.7726813588514864,0.5619500791647174,0.5385354925328542,0.7726813588514864,0.6556084256921704,0.23132052095231884,0.3238487293332464,0.3469807814284782,0.5783013023807971,0.5783013023807971,0.601433354476029,0.4626410419046377,0.5551692502855652,0.6245654065712609,0.7864897712378841,0.6476974586664928,0.6476974586664928,0.7315825800128439,0.5715488906350343,1.0745119143938644,0.9373401806414562,0.868754313765252,0.0,0.0,0.0,0.0,0.0,0.0,0.0,V,5,Extorsión
5,37.895207024781975,35.03745693862922,38.207398210664216,38.83178058242868,34.74928045935331,35.10950105844819,34.96541281881024,33.76467748849395,33.28438335636744,34.220956914014145,35.517751070755736,35.998045202882246,29.18585223518344,34.37813626402598,35.53988017915514,35.01828087032164,34.94715369184434,30.679522983206635,29.660033425032072,32.52882962361631,39.28591157895935,38.147876723322625,36.84387845123888,40.40023737510364,47.55502544931421,38.844799222261095,46.59502739740782,40.64772239291456,52.4018448821099,60.38621892357526,59.800854257778674,64.55401534404692,65.70133008900821,72.53838938551227,66.80181566070577,65.27986752963467,60.258995708079055,43.51138999113117,41.475769406750764,38.884979572084795,43.30320152227409,40.94373220856043,41.730221979798316,44.34414386655952,42.10033481332203,47.25878243055873,43.21067331389316,39.879657812179765,43.3234059101356,38.86532456318233,43.369129821386394,45.74677320642814,56.28613474973818,0.0,0.0,0.0,0.0,0.0,0.0,0.0,V,6,Robo con violencia
5,29.15385382007942,24.4709860318459,27.11260375854173,24.903250750759764,26.031941961257072,24.99930957718507,24.66310368469651,25.911868428225446,25.983912548044422,26.84844198587215,27.47282435763662,25.575662535736885,23.187460183598215,25.250148359439773,26.81494628594027,26.483019453046225,26.388183215076495,25.653202370811112,25.368693656901932,23.353423600045236,25.93771108472029,22.499897458317694,23.02149676715119,20.34237304450641,20.39410495635287,19.996056983611194,25.21750980251669,22.64190527301174,25.030193109461788,27.629212225598607,28.495551930977545,31.16481480700995,33.88090685630608,35.12187994779484,34.55992986863012,29.197989529933444,32.70872166265788,29.84034720284913,33.10196654827682,32.3617408812294,33.148230652467284,28.336763816659055,31.945363943515233,31.945363943515233,29.84034720284913,34.23543710094319,31.11261006808688,26.13921886761203,29.19471733363755,25.308184877319317,30.70360640491404,27.731552173611863,29.674818401770978,0.0,0.0,0.0,0.0,0.0,0.0,0.0,V,7,Robo de vehículo
5,4.010456003256395,2.881764792759086,3.3380442182792742,2.6896471399084803,2.209353007781966,2.3534412474199202,2.18533830117564,2.1373088879629885,1.7530735822617771,1.945191235112383,1.945191235112383,2.01723535493136,1.8730156999021053,2.015270056856696,1.6833432239626516,1.6122160454853565,1.730761342947515,1.4699616885307663,2.868796198584237,3.0821777340161227,3.46152268589503,3.722322340311779,3.556358923864757,3.1770139719858497,3.769748447729979,3.207798368565262,3.1609691953015355,2.83316498245545,3.043896262142219,2.83316498245545,3.980479727416748,3.55901716804321,4.003894314048612,4.308283940262833,3.980479727416748,3.4653588215157574,3.6779962831418693,2.5213936783802753,3.44667576218955,3.0765629286658402,3.539203970570478,2.984034720284913,3.5160719184752462,3.1690911370467676,2.984034720284913,3.0996949807610723,3.400411657999087,4.071241168760811,3.863670500692832,3.3607074769340017,3.3835694325594026,3.9779802788198384,3.8179465894420286,0.0,0.0,0.0,0.0,0.0,0.0,0.0,V,8,Robo a casa habitación
5,4.130529536288023,4.514764841989234,5.067103093934726,4.923014854296771,3.3620589248856,3.794323643799463,4.154544242894349,3.554176577736206,4.250603069319651,4.010456003256395,4.466735428776583,4.778926614658817,3.366686447925303,3.8171585782815054,3.8171585782815054,3.8171585782815054,3.2481411504631446,2.8450871390918056,1.4699616885307663,1.0194895581745635,2.7976690201069423,2.9873414960463958,3.2955592694480083,4.101667292190687,5.291696578801089,4.238040180367244,4.21462559373538,3.324871301724578,4.42535687342215,7.352180202405052,6.719986363344746,7.071205162822695,7.000961402927104,7.586326068723685,7.703399001883001,7.726813588514864,6.823955368093405,4.3256937418083625,3.261619345427695,2.984034720284913,3.56233602266571,3.56233602266571,3.770524491522797,5.713616867522275,7.49478487885513,7.679841295616985,7.147804097426652,7.217200253712348,6.401347575112384,5.441145438845526,5.738350861975744,8.550371403900114,10.310741987056018,0.0,0.0,0.0,0.0,0.0,0.0,0.0,V,9,Robo de negocio
5,17.650809355649397,17.48270640940512,17.43467699619247,18.53935350008345,16.810294624428,17.19452993012921,16.522118145152092,16.498103438545765,15.153279868591527,14.62495632325236,14.528897496827057,16.47408873193944,12.352419995556922,14.984125599216842,15.93248797891411,14.486235349875777,16.76230506114922,11.830820686723424,9.459914737480252,11.78340256773856,15.031543718201705,13.98834510053471,14.723325944800093,20.152700568566956,18.80191306538617,19.574594424237656,23.063367832385275,20.675079995935228,27.090676733065752,28.28482065129078,28.308235237922638,31.890666992597716,32.12481285891634,36.05846341306936,32.59310459155361,30.93066894069132,27.689066357992562,15.082097966091188,12.861420964948927,12.537572235615679,13.624778684091579,14.411268455329461,16.030512101995697,14.457532559519928,14.480664611615158,16.4700210918051,16.493153143900333,16.21556851875755,17.51225800905745,14.905995067761692,14.265860310250456,17.718015609686063,24.73663598668428,0.0,0.0,0.0,0.0,0.0,0.0,0.0,V,10,Robo a transeúnte total
5,0.43226471891386287,0.6003676651581429,0.4802941321265143,0.43226471891386287,0.6964264915834457,0.5283235453391657,0.6243823717644685,0.8885441444340515,0.5283235453391657,0.7444559047960971,0.6483970783707943,0.6483970783707943,0.5690174278183611,1.0431986176669954,1.1380348556367221,1.0906167366518589,1.161743915129154,0.7112717847729514,0.9246533202048368,0.9957804986821319,1.0431986176669954,1.0906167366518589,0.8061080227426782,0.9483623796972684,0.8663397053789393,0.7726813588514864,0.9599980519063923,0.9599980519063923,0.9131688786426657,1.0068272251701187,1.240973091488751,0.8663397053789393,0.8663397053789393,0.7726813588514864,0.632193839060307,0.7024375989558967,0.7864897712378841,0.7633577191426522,0.8327538754283478,1.179734656856826,1.0178102921902028,0.8096218233331159,1.0872064484758985,1.1334705526663624,1.2259987610472898,0.9484141359045073,1.2491308131425218,0.9715461879997391,0.8916162693906535,0.8458923581398506,0.983064091892259,0.617272801885837,1.2574075593970753,0.0,0.0,0.0,0.0,0.0,0.0,0.0,V,11,Violación
5,0.07204411981897714,0.0,0.09605882642530286,0.0,0.07204411981897714,0.0,0.0,0.0,0.024014706606325716,0.0,0.04802941321265143,0.0,0.0,0.023709059492431715,0.0,0.0,0.0,0.023709059492431715,0.0,0.0,0.0,0.023709059492431715,0.0,0.0,0.023414586631863226,0.0,0.023414586631863226,0.07024375989558967,0.0,0.0,0.0,0.0,0.0,0.0,0.0,0.023414586631863226,0.0,0.0,0.0,0.02313205209523188,0.02313205209523188,0.0,0.02313205209523188,0.0,0.0,0.0,0.0,0.0,0.0,0.022861955625401373,0.022861955625401373,0.0,0.0,0.0,0.0,0.0,0.0,0.0,0.0,0.0,V,12,Trata de personas
5,4.322647189138629,6.988279622440782,7.036309035653434,7.204411981897715,6.267838424251011,6.099735478006732,6.604044316739571,5.21119133357268,4.202573656107,3.0978971522160172,1.4648971029858686,1.608985342623823,1.8967247593945369,2.323487830258308,2.2760697112734443,2.370905949243171,2.1101062948264224,1.8493066404096736,1.066907677159427,1.2802892125913126,2.655414663152352,3.722322340311779,3.8408676377739375,3.1058867935085543,0.0,0.0,0.0,0.0,0.0,0.0,0.0,0.0,0.0,0.0,0.0,0.0,0.9021500317140435,0.5551692502855652,0.6245654065712609,0.6245654065712609,1.2259987610472898,1.9199603239042462,0.9715461879997391,0.8327538754283478,0.9252820838092753,0.9484141359045073,0.994678240094971,0.6708295107617246,1.6689227606543,2.034714050660722,2.5148151187941505,1.6231988494034972,1.9889901394099192,0.0,0.0,0.0,0.0,0.0,0.0,0.0,V,13,Narcomenudeo
6,1.3543272108714555,1.245981034001739,1.1918079455668806,1.51684647617603,1.245981034001739,1.4626733877411717,0.9209425033925895,1.1918079455668806,1.9502311836548958,1.3543272108714555,1.1918079455668806,1.0292886802623062,1.4372726314545519,1.5437372708215555,1.224343352720544,1.224343352720544,1.916363508606069,1.224343352720544,1.7566665495555633,1.4905049511380537,1.3840403117710498,1.7566665495555633,1.1711110330370422,1.3840403117710498,1.309049248003569,1.2043253081632834,1.2566872780834264,1.6755830374445682,1.6755830374445682,1.6232210675244254,1.6232210675244254,1.1519633382431407,1.309049248003569,1.8326689472049966,1.4137731878438546,1.4137731878438546,1.90738953637031,1.9589406049208589,1.90738953637031,1.1341235081120762,1.5980831250670164,2.0620427420219567,2.0620427420219567,1.9589406049208589,1.6496341936175651,1.8558384678197608,2.319798084774701,2.6806555646285437,2.437985025692807,1.8792801239715387,2.590359089798607,1.9808628333754057,2.4887763803947403,0.0,0.0,0.0,0.0,0.0,0.0,0.0,VI,1,Homicidio doloso
6,0.10834617686971644,0.0,0.05417308843485822,0.05417308843485822,0.05417308843485822,0.0,0.0,0.10834617686971644,0.10834617686971644,0.10834617686971644,0.0,0.0,0.0,0.05323231968350192,0.10646463936700384,0.05323231968350192,0.10646463936700384,0.0,0.05323231968350192,0.0,0.0,0.0,0.0,0.05323231968350192,0.0,0.10472393984028551,0.0,0.10472393984028551,0.052361969920142755,0.0,0.052361969920142755,0.0,0.0,0.052361969920142755,0.10472393984028551,0.052361969920142755,0.10310213710109782,0.10310213710109782,0.0,0.05155106855054891,0.05155106855054891,0.20620427420219564,0.10310213710109782,0.10310213710109782,0.05155106855054891,0.10310213710109782,0.05155106855054891,0.10310213710109782,0.050791354701933474,0.10158270940386695,0.10158270940386695,0.050791354701933474,0.10158270940386695,0.0,0.0,0.0,0.0,0.0,0.0,0.0,VI,2,Feminicidio
6,1.0834617686971644,0.8125963265228732,0.48755779591372395,0.5417308843485822,0.48755779591372395,0.3250385306091493,0.43338470747886576,0.758423238088015,0.21669235373943288,0.5959039727834403,0.48755779591372395,0.43338470747886576,0.15969695905050574,0.3726262377845134,0.3726262377845134,0.638787836202023,0.3726262377845134,0.5323231968350193,0.05323231968350192,0.26616159841750964,0.47909087715151727,0.5323231968350193,0.8517171149360308,0.6920201558855249,0.5759816691215703,0.9425154585625697,0.8377915187222841,0.47125772928128484,0.47125772928128484,0.2618098496007138,0.47125772928128484,0.5236196992014276,0.9948774284827125,0.7330675788819986,0.7854295488021414,0.8901534886424269,0.4124085484043913,0.2577553427527446,0.3093064113032935,0.3608574798538424,0.6701638911571359,0.4124085484043913,0.618612822606587,0.5670617540560381,0.7217149597076848,0.618612822606587,0.5155106855054892,1.1341235081120762,0.2539567735096674,0.6094962564232017,0.45712219231740125,0.4063308376154678,0.8126616752309356,0.0,0.0,0.0,0.0,0.0,0.0,0.0,VI,3,Homicidio culposo
6,0.16251926530457464,0.10834617686971644,0.16251926530457464,0.05417308843485822,0.10834617686971644,0.21669235373943288,0.0,0.05417308843485822,0.0,0.0,0.0,0.05417308843485822,0.0,0.0,0.05323231968350192,0.15969695905050574,0.05323231968350192,0.15969695905050574,0.05323231968350192,0.05323231968350192,0.05323231968350192,0.0,0.10646463936700384,0.05323231968350192,0.20944787968057102,0.052361969920142755,0.052361969920142755,0.10472393984028551,0.1570859097604283,0.1570859097604283,0.10472393984028551,0.1570859097604283,0.2618098496007138,0.0,0.1570859097604283,0.052361969920142755,0.10310213710109782,0.10310213710109782,0.10310213710109782,0.10310213710109782,0.05155106855054891,0.10310213710109782,0.05155106855054891,0.0,0.05155106855054891,0.10310213710109782,0.10310213710109782,0.20620427420219564,0.0,0.050791354701933474,0.2539567735096674,0.0,0.10158270940386695,0.0,0.0,0.0,0.0,0.0,0.0,0.0,VI,4,Secuestro
6,0.3792116190440075,0.3792116190440075,0.3250385306091493,0.48755779591372395,0.3250385306091493,0.3250385306091493,0.48755779591372395,0.3250385306091493,0.2708654421742911,0.5959039727834403,0.2708654421742911,0.3792116190440075,0.2129292787340077,0.4258585574680154,0.3726262377845134,0.26616159841750964,0.10646463936700384,0.47909087715151727,0.47909087715151727,1.4905049511380537,0.7984847952525289,0.9049494346195326,0.6920201558855249,0.5855555165185211,0.5759816691215703,0.5236196992014276,0.7854295488021414,0.5236196992014276,0.3665337894409993,0.7330675788819986,0.8901534886424269,1.0472393984028552,0.6807056089618558,0.7330675788819986,0.8377915187222841,0.3665337894409993,0.9279192339098804,0.4639596169549402,1.4434299194153697,1.1341235081120762,0.618612822606587,0.3608574798538424,1.0825724395615273,1.0310213710109783,0.618612822606587,1.0825724395615273,0.7217149597076848,0.9794703024604294,0.9142443846348025,1.066618448740603,1.2189925128464034,1.2189925128464034,1.1174098034425364,0.0,0.0,0.0,0.0,0.0,0.0,0.0,VI,5,Extorsión
6,22.319312435161585,20.802465958985554,21.019158312724986,20.206561986202114,17.87711918350321,21.723408462378146,20.802465958985554,21.398369931768993,22.48183170046616,20.63994669368098,21.398369931768993,21.88592772768272,19.749190602579212,22.357574267070806,20.973533955299757,21.984948029286294,21.079998594666762,16.502019101885594,16.07616054441758,23.688382259158356,28.053432473205515,32.15232108883516,30.555351498330104,31.88615949041765,39.69037319946821,29.84632285448137,25.866813140550523,20.68297811845639,29.06089330567923,32.04552559112737,36.8628268237805,44.19350261260049,43.66988291339906,48.644270055812626,44.664760341881774,40.894698507631496,40.41603774363035,30.7759879246777,31.446151815834842,30.621334719026056,34.59076699741832,32.37407104974472,36.240401191035886,46.55061490114567,43.818408267966575,43.509101856663285,45.51959353013469,45.46804246158415,45.30588839412466,40.531501052142914,44.69639213770146,40.78545782565258,49.06444864206773,0.0,0.0,0.0,0.0,0.0,0.0,0.0,VI,6,Robo con violencia
6,24.811274503165063,22.644350965770734,23.67363964603304,20.31490816307183,22.590177877335876,25.244659210643928,25.027966856904495,30.120237169781166,25.894736271862225,27.140717305863966,26.436467156210806,26.165601714036516,24.9659579315624,27.46787695668699,29.01161422750855,28.79868494877454,29.064846547192047,20.867069315932753,19.802422922262714,20.654140037198747,20.760604676565748,21.186463234033766,21.984948029286294,23.368988341057342,22.044389336380103,19.37392887045282,20.31644432901539,18.483775381810396,23.091628734782958,24.03414419334553,25.81445117063038,30.99828619272451,28.641997546318088,30.422304523602943,27.071138448713807,27.90892996743609,28.92014945685794,25.053819315566773,26.342596029330497,30.41513044482386,33.972154174811735,29.59031334801508,33.817500969160086,36.240401191035886,34.59076699741832,37.271422562046865,36.29195225958644,35.054726614373266,35.5031569366515,28.90028082540015,28.39236727838081,25.192511932159004,28.290784568976946,0.0,0.0,0.0,0.0,0.0,0.0,0.0,VI,7,Robo de vehículo
6,6.013212816269261,4.496366340093232,5.363135755050964,6.934155319661852,3.737943102005217,3.0878660407869183,4.604712516962948,3.35873148296121,2.762827510177769,2.8711736870474853,3.575423836700642,3.467077659830926,3.5665654187946285,1.6502019101885597,3.2471715006936175,3.9391916565791423,2.076060467656575,2.2889897463905826,4.418282533730659,5.855555165185211,6.973433878538751,7.505757075373771,7.505757075373771,6.281413722653226,5.13147305217399,5.236196992014276,3.089356225288423,2.356288646406424,3.508251984649565,4.293681533451706,4.346043503371849,5.340920931854561,6.0739885107365605,6.754694119698415,4.974387142413563,5.445644871694847,5.464413266358185,3.1446151815834837,4.175636552594462,4.845800443751599,4.227187621145011,4.227187621145011,4.588045100998853,6.546985705919712,5.6706175405603805,4.691147238099951,5.464413266358185,6.443883568818614,5.383883598404949,5.637840371914615,5.180718179597214,5.383883598404949,6.399710692443618,0.0,0.0,0.0,0.0,0.0,0.0,0.0,VI,8,Robo a casa habitación
6,3.35873148296121,3.35873148296121,3.575423836700642,2.8711736870474853,2.654481333308053,2.546135156438336,2.0585773605246125,2.6003082448731942,2.004404272089754,2.275269714264045,1.841885006785179,2.0585773605246125,1.3840403117710498,2.3954543857575863,1.4905049511380537,1.7034342298720615,2.129292787340077,1.1711110330370422,1.3840403117710498,0.9581817543030345,4.258585574680154,3.7794946975286363,3.460100779427625,3.9391916565791423,6.964141999378987,4.136595623691278,2.8799083456078516,2.513374556166853,1.989754856965425,3.089356225288423,4.607853352972563,4.188957593611421,5.026749112333706,5.236196992014276,3.9271477440107074,3.6653378944099932,4.536494032448305,2.629104496077995,2.474451290426348,2.6806555646285437,2.474451290426348,2.0104916734714076,2.8868598388307394,6.3407814317175175,6.804741048672457,7.320251734177947,6.9078431857735545,6.031475020414223,4.723595987279813,4.9775527607894805,6.247336628337818,6.298127983039751,8.228199461713224,0.0,0.0,0.0,0.0,0.0,0.0,0.0,VI,9,Robo de negocio
6,8.992732680186464,8.396828707403023,8.992732680186464,9.263598122360754,7.638405469315008,11.268002394450509,9.588636652969905,8.342655618968166,10.401232979492777,8.992732680186464,8.23430944209845,8.721867238012173,8.144544911575794,8.357474190309802,9.262423624929333,7.8783833131582846,10.060908420181862,7.505757075373771,5.5893935667677015,7.665454034424276,12.243433527205442,13.148382961824975,14.798584872013535,16.182625183784584,12.881044600355118,15.184971276841399,9.68696443522641,8.3255532173027,11.257823532830693,11.781443232032121,15.342057186601828,19.688100689973677,18.536137351730538,21.311321757498103,18.274327502129825,17.017640224046396,18.249078266894315,10.567969052862528,8.969885927795511,9.691600887503197,10.258662641559233,10.207111573008685,11.083479738368016,13.403277823142718,12.26915431503064,13.248624617491071,13.918788508648209,14.331197057052599,14.526327444752974,14.069205252435573,13.916831188329773,15.338989119983909,19.503880205542455,0.0,0.0,0.0,0.0,0.0,0.0,0.0,VI,10,Robo a transeúnte total
6,0.3250385306091493,0.2708654421742911,0.8667694149577315,0.8125963265228732,0.5417308843485822,0.3792116190440075,0.9209425033925895,0.7042501496531568,0.7042501496531568,1.0292886802623062,1.51684647617603,1.0834617686971644,0.9049494346195326,1.6502019101885597,1.224343352720544,1.4372726314545519,1.9695958282895711,1.0646463936700385,1.1711110330370422,1.6502019101885597,1.7034342298720615,1.7034342298720615,1.1711110330370422,1.3840403117710498,0.8901534886424269,1.3614112179237117,1.309049248003569,1.309049248003569,1.3614112179237117,1.8326689472049966,1.5708590976042829,1.309049248003569,1.3614112179237117,1.7803069772848539,1.5708590976042829,0.8901534886424269,0.8248170968087826,1.4949809879659186,1.0825724395615273,1.2887767137637227,1.4434299194153697,0.9794703024604294,1.3403277823142719,1.3918788508648208,1.8558384678197608,2.0104916734714076,1.6496341936175651,1.4434299194153697,1.2697838675483368,1.2189925128464034,1.7269060598657382,1.1682011581444698,1.3713665769522039,0.0,0.0,0.0,0.0,0.0,0.0,0.0,VI,11,Violación
6,0.0,0.05417308843485822,0.0,0.0,0.0,0.0,0.05417308843485822,0.05417308843485822,0.0,0.0,0.0,0.05417308843485822,0.0,0.0,0.0,0.0,0.0,0.0,0.05323231968350192,0.0,0.0,0.0,0.0,0.0,0.0,0.0,0.052361969920142755,0.0,0.10472393984028551,0.052361969920142755,0.0,0.0,0.0,0.052361969920142755,0.0,0.0,0.0,0.0,0.0,0.0,0.0,0.0,0.0,0.0,0.0,0.0,0.05155106855054891,0.0,0.0,0.0,0.0,0.0,0.0,0.0,0.0,0.0,0.0,0.0,0.0,0.0,VI,12,Trata de personas
6,6.988328408096709,5.038097224441814,5.308962666616106,6.338251346878412,5.14644340131153,3.737943102005217,4.3338470747886575,4.658885605397806,5.363135755050964,5.308962666616106,3.9546354557446497,4.225500897918941,3.353636140060621,4.4715148534141615,3.353636140060621,4.045656295946146,4.524747173097663,2.608383664491594,1.0646463936700385,2.7148483038585978,2.3422220660740845,2.555151344808092,3.88595933689564,5.4296966077171955,0.0,0.0,0.0,0.0,0.0,0.0,0.0,0.0,0.0,0.0,0.0,0.0,0.20620427420219564,0.5155106855054892,0.20620427420219564,0.4639596169549402,1.0310213710109783,0.5670617540560381,1.1341235081120762,1.5465320565164675,0.6701638911571359,1.0825724395615273,1.237225645213174,1.2887767137637227,1.2189925128464034,1.0158270940386696,2.2348196068850728,1.1174098034425364,1.6253233504618712,0.0,0.0,0.0,0.0,0.0,0.0,0.0,VI,13,Narcomenudeo
7,1.2572401551997294,1.1071219277131947,1.3885936042504474,1.4261231611220813,1.5011822748653487,1.4448879395578982,1.2572401551997294,1.31353449050718,1.5011822748653487,1.2197105983280958,1.2572401551997294,1.4636527179937149,1.3323639152179831,0.9807678820354597,1.3878790783520658,1.3323639152179831,1.12880831705968,1.2953538064619279,1.0177779907915148,1.12880831705968,1.1103032626816525,1.1473133714377077,1.12880831705968,1.3878790783520658,1.2776112320278885,1.0768437527092203,1.2046048759120092,1.4053723552306774,1.4053723552306774,1.1863532868830393,0.985585807564371,1.0220889856223108,1.1315985197961298,1.222856464940979,1.2046048759120092,1.5148818894044962,1.2964045300695628,1.0803371083913025,1.2783989115963745,1.1703652007572443,1.2964045300695628,1.0803371083913025,1.5124719517478236,1.2243820561768095,1.4944663332746349,1.7825562288456491,1.0803371083913025,1.404438240908693,1.599129220834948,1.4747525036588964,1.350375786482845,1.3859119913902882,1.1904628643993502,0.0,0.0,0.0,0.0,0.0,0.0,0.0,VII,1,Homicidio doloso
7,0.0938238921790843,0.05629433530745057,0.037529556871633715,0.018764778435816858,0.018764778435816858,0.0,0.0,0.037529556871633715,0.037529556871633715,0.0,0.018764778435816858,0.0,0.0,0.055515163134082626,0.055515163134082626,0.03701010875605508,0.03701010875605508,0.09252527189013772,0.03701010875605508,0.03701010875605508,0.0,0.055515163134082626,0.0,0.0,0.03650317805793967,0.109509534173819,0.0547547670869095,0.018251589028969836,0.018251589028969836,0.03650317805793967,0.0547547670869095,0.0,0.018251589028969836,0.0,0.018251589028969836,0.018251589028969836,0.01800561847318837,0.01800561847318837,0.03601123694637674,0.03601123694637674,0.054016855419565114,0.054016855419565114,0.12603932931231862,0.09002809236594186,0.07202247389275349,0.14404494778550697,0.12603932931231862,0.07202247389275349,0.07107240981488658,0.017768102453721644,0.017768102453721644,0.03553620490744329,0.05330430736116493,0.0,0.0,0.0,0.0,0.0,0.0,0.0,VII,2,Feminicidio
7,0.8444150296117586,0.4878842393312383,0.4878842393312383,0.6004729099461394,0.5066490177670552,0.3002364549730697,0.262706898101436,0.4691194608954215,0.525413796202872,0.16888300592235173,0.4878842393312383,0.4878842393312383,0.4071111963166059,0.5181415225847712,0.48113141382871616,0.5551516313408262,0.5181415225847712,0.7031920663650466,0.055515163134082626,0.2590707612923856,0.4626263594506886,0.7216971207430741,0.4626263594506886,0.6476769032309639,0.6935603831008538,0.3832833696083665,0.5475476708690951,0.5840508489270347,0.4927929037821855,0.27377383543454753,0.438038136695276,0.438038136695276,0.5657992598980649,0.6388056160139443,0.438038136695276,0.6023024379560046,0.45014046182970935,0.23407304015144886,0.3241011325173907,0.25207865862463724,0.34210675099057913,0.2700842770978256,0.2700842770978256,0.21606742167826046,0.4141292248833326,0.3060955140442024,0.3060955140442024,0.48615169877608605,0.42643445888931947,0.4086663564355978,0.5152749711579276,0.5152749711579276,0.33759394662071124,0.0,0.0,0.0,0.0,0.0,0.0,0.0,VII,3,Homicidio culposo
7,0.16888300592235173,0.0938238921790843,0.05629433530745057,0.0938238921790843,0.131353449050718,0.15011822748653486,0.07505911374326743,0.07505911374326743,0.11258867061490115,0.05629433530745057,0.15011822748653486,0.1876477843581686,0.09252527189013772,0.055515163134082626,0.24056570691435808,0.24056570691435808,0.07402021751211016,0.20355559815830296,0.20355559815830296,0.09252527189013772,0.07402021751211016,0.09252527189013772,0.18505054378027544,0.11103032626816525,0.03650317805793967,0.07300635611587934,0.109509534173819,0.018251589028969836,0.07300635611587934,0.09125794514484917,0.14601271223175868,0.14601271223175868,0.03650317805793967,0.109509534173819,0.09125794514484917,0.109509534173819,0.03601123694637674,0.12603932931231862,0.07202247389275349,0.03601123694637674,0.01800561847318837,0.03601123694637674,0.07202247389275349,0.09002809236594186,0.054016855419565114,0.01800561847318837,0.10803371083913023,0.14404494778550697,0.12437671717605152,0.07107240981488658,0.05330430736116493,0.12437671717605152,0.12437671717605152,0.0,0.0,0.0,0.0,0.0,0.0,0.0,VII,4,Secuestro
7,0.33776601184470345,0.4315899040237878,0.4691194608954215,0.4315899040237878,0.4503546824596046,0.3565307902805203,0.2251773412298023,0.16888300592235173,0.2251773412298023,0.262706898101436,0.20641256279398543,0.24394211966561916,0.24056570691435808,0.20355559815830296,0.444121305072661,0.48113141382871616,0.2590707612923856,0.4996364682067436,0.7402021751211018,0.6476769032309639,0.7772122838771567,0.888242610145322,0.6476769032309639,0.7402021751211018,0.3832833696083665,0.4927929037821855,0.6753087940718839,0.45628972572424586,0.657057205042914,0.6388056160139443,0.5657992598980649,0.5840508489270347,0.36503178057939667,0.5840508489270347,0.6023024379560046,0.36503178057939667,0.28808989557101394,0.5401685541956512,0.3961236064101442,0.6121910280884048,0.4321348433565209,0.48615169877608605,0.7742415943471,0.8282584497666652,0.48615169877608605,0.9903090160253605,1.0263202529717375,0.8282584497666652,0.9772456349546904,0.8884051226860822,0.9417094300472472,0.6929559956951441,1.048318044769577,0.0,0.0,0.0,0.0,0.0,0.0,0.0,VII,5,Extorsión
7,26.45833759450177,24.30038807438283,26.721044492603205,25.463804337403477,29.667114707026453,28.128402875289467,25.369980445224392,25.44503955896766,26.627220600424124,27.00251616914046,29.029112240208683,23.83126861348741,20.707155849012818,25.111358790983374,30.052208309916733,26.610268195603606,26.924854120030076,22.00250965547475,25.16687395411746,33.51265347860788,39.637826477735,40.60008930539243,40.581584251014405,42.7281705588656,47.52713783143745,39.27741959034308,40.208250630820544,35.40808271620148,41.97865476663062,48.67698794026255,49.38879991239237,53.112124074302216,50.99493974694172,58.80661985134081,57.602014975428794,52.655834348577976,52.0362373875144,34.82286612714632,35.633118958439795,36.11927065721588,41.23286630360138,37.52370889812457,38.928147139033264,44.1317708777847,40.27856852452239,46.292445094567306,46.85061926723615,49.67750136752673,48.684600723197306,39.74724518897532,45.770631920786954,44.224807007313174,55.418711553157806,0.0,0.0,0.0,0.0,0.0,0.0,0.0,VII,6,Robo con violencia
7,31.41223910155742,28.991582683337047,31.318415209378337,29.535761257975736,30.81176619161128,29.723409042333902,27.077575282883725,30.924354862226185,31.63741644278722,31.44976865842905,34.20819108849413,28.86022923428633,24.24162123521608,29.089945482259296,34.06780510994871,31.255036844488522,30.847925648171913,24.70424759466677,21.188287262841538,21.0957619909514,23.094307863778372,21.798954057316443,21.66941867667025,21.68792373104828,21.518623465155436,21.609881410300286,23.01525376553096,21.299604396807798,22.467706094661867,24.34761976464576,26.282288201716565,31.319726773712237,30.206379842945076,33.43691110107274,31.95853238972618,30.60791480158241,31.58185480197241,29.025056978779656,30.159410942590526,30.969663773884,32.14002897464125,31.65387727586516,30.141405324117336,31.83393346059704,27.566601882451398,29.187107545038355,28.30483223985212,28.0347479627543,28.375659618593467,23.471663341366295,29.317369048640714,25.745980455442663,33.6527860473488,0.0,0.0,0.0,0.0,0.0,0.0,0.0,VII,7,Robo de vehículo
7,1.9327721788891365,1.4261231611220813,1.0132980355341104,1.1446514845848283,1.1634162630206453,0.9757684786624766,1.1258867061490114,0.9194741433550261,0.8444150296117586,0.7693559158684913,0.6004729099461394,0.788120694304308,0.8697375557672946,0.6476769032309639,0.8142223926332118,0.7031920663650466,1.0362830451695424,0.9807678820354597,2.7757581567041316,2.2946267428754155,2.5722025585458286,3.0903440811305996,2.6647278304359663,3.1088491355086267,2.536970875026807,2.354454984737109,2.3727065737660786,2.6829835872585654,3.2852860252145706,2.938505833664143,3.9788464083154245,3.778078928996756,3.413047148417359,3.4860535045332384,4.070104353460273,4.252620243749972,3.54710683921811,1.9626124135775327,3.3670506544862255,3.5831180761644865,3.223005706700719,3.0969663773884,4.141292248833326,3.8712079717355,3.186994469754342,3.9252248271550654,4.177303485779703,4.069269774940572,3.8556782324575973,3.3048670563922258,3.944518744726205,3.820142027550154,3.6602291054666587,0.0,0.0,0.0,0.0,0.0,0.0,0.0,VII,8,Robo a casa habitación
7,1.294769712071363,1.2009458198922789,1.3510640473788138,0.8631798080475755,1.5950061670444329,0.8819445864833922,0.8819445864833922,0.9007093649192092,0.8444150296117586,0.7693559158684913,0.5817081315103226,0.6755320236894069,0.7402021751211018,0.851232501389267,0.8327274470112395,0.6106667944749089,0.6661819576089916,0.6291718488529364,0.9252527189013772,1.2398386433278454,4.700283812018996,3.8120412018736736,3.127354189886655,4.126627126300142,5.913514845386226,4.47163931209761,4.544645668213489,4.106607531518213,4.4898909011265795,5.712747366067558,5.6397410099516785,5.9682696124731365,5.749250544125498,6.935603831008537,6.62532681751605,6.534068872371201,6.500028268821003,2.736854007924633,2.3047191645681115,2.4847753492999956,2.9709270480760814,2.016629268997098,2.790870863344198,5.257640594171005,5.6717698190543375,7.004185586070277,7.688399088051436,6.518033887294191,6.147763448987689,4.832923867412288,5.6680246827372045,5.970082424450473,8.439848665517781,0.0,0.0,0.0,0.0,0.0,0.0,0.0,VII,9,Robo de negocio
7,6.136082548512113,6.286200775998647,7.505911374326744,7.618500044941644,7.899971721478898,8.425385517681768,7.468381817455109,5.723257422924141,6.661496344714984,6.905438464380604,6.717790680022436,5.573139195437607,4.829819192665189,5.921617400968814,7.642587458125375,6.8838802286262455,6.865375174248218,5.49600115027418,6.2176982710172535,9.10448675398955,14.045336272922905,14.730023284909924,17.54279155037011,20.92921650154915,16.48118489315976,16.8827198517971,16.8827198517971,15.60510861976921,19.510948671968755,21.518623465155436,22.90574423135714,24.457129298819577,23.453291902226237,27.52339625568651,26.300539790745532,21.99316477990865,21.642753404772424,11.559607059786936,11.685646389099254,12.531910457339109,15.39480379457606,12.820000352910121,12.820000352910121,14.674579055648525,13.648258802676787,17.123343168002144,17.46544991899272,19.067949963106486,17.448276609554654,13.574830274643336,13.343844942744955,16.506567179507407,19.811434235899636,0.0,0.0,0.0,0.0,0.0,0.0,0.0,VII,10,Robo a transeúnte total
7,0.5817081315103226,0.6755320236894069,0.5817081315103226,0.8819445864833922,0.7318263589968574,0.6192376883819564,0.4691194608954215,0.8256502511759417,0.8068854727401249,0.5817081315103226,0.9007093649192092,0.938238921790843,0.7957173382551843,1.2028285345717902,0.9067476645233495,1.12880831705968,1.2213335889498178,1.0732931539255974,0.9252527189013772,0.9437577732794047,0.7957173382551843,1.2398386433278454,1.1843234801937625,0.9992729364134872,0.985585807564371,0.9125794514484917,1.003837396593341,0.9125794514484917,1.1863532868830393,1.3688691771727377,0.8943278624195219,1.1498501088250994,1.2958628210568581,1.4236239442596472,1.0220889856223108,1.0768437527092203,0.7382303574007233,0.8102528312934768,0.8462640682398535,1.1523595822840558,1.062331489918114,0.8102528312934768,0.9182865421326071,0.6662078835079698,1.2603932931231863,1.2423876746499978,0.9542977790789838,0.7382303574007233,0.8706370202323606,1.0305499423158553,1.0305499423158553,1.0305499423158553,1.2615352742142367,0.0,0.0,0.0,0.0,0.0,0.0,0.0,VII,11,Violación
7,0.0,0.0,0.018764778435816858,0.0,0.018764778435816858,0.0,0.0,0.0,0.0,0.0,0.018764778435816858,0.018764778435816858,0.01850505437802754,0.01850505437802754,0.03701010875605508,0.0,0.03701010875605508,0.0,0.0,0.01850505437802754,0.03701010875605508,0.0,0.03701010875605508,0.01850505437802754,0.0,0.0,0.018251589028969836,0.0,0.03650317805793967,0.03650317805793967,0.03650317805793967,0.018251589028969836,0.0,0.018251589028969836,0.0,0.0,0.03601123694637674,0.01800561847318837,0.01800561847318837,0.0,0.054016855419565114,0.01800561847318837,0.0,0.01800561847318837,0.01800561847318837,0.03601123694637674,0.054016855419565114,0.0,0.0,0.03553620490744329,0.0,0.0,0.017768102453721644,0.0,0.0,0.0,0.0,0.0,0.0,0.0,VII,12,Trata de personas
7,1.4636527179937149,2.0641256279398545,2.589539424142726,3.5653079028052033,3.88430913621409,3.7154261302917377,3.88430913621409,3.9030739146499065,3.5653079028052033,3.6216022381126534,3.1149532203455985,2.6083042025785432,2.1650913622292225,2.25761663411936,2.1280812534731672,2.6647278304359663,3.23838451615482,2.553697504167801,1.4618992958641759,3.7750310931176188,2.905293537350324,3.4789502230691784,3.8120412018736736,2.4611722322776632,0.0,0.0,0.0,0.0,0.0,0.0,0.0,0.0,0.0,0.0,0.0,0.0,1.0443258714449257,0.6482022650347814,0.9182865421326071,1.1883708192304328,1.5484831886942,1.3684270039623165,1.1883708192304328,1.692528136479707,1.1883708192304328,1.0443258714449257,1.0263202529717375,0.7742415943471,0.9772456349546904,1.3859119913902882,1.154926659491907,1.1726947619456285,1.9189550650019376,0.0,0.0,0.0,0.0,0.0,0.0,0.0,VII,13,Narcomenudeo
8,1.2657439069035619,1.2657439069035619,1.6552035705661965,1.5578386546505378,0.9736491591565861,1.6552035705661965,1.3631088228192207,1.1683789909879034,1.3631088228192207,2.044663234228831,0.8762842432409276,0.9736491591565861,1.2450998139054663,1.0535459963815483,0.8619921788576305,1.2450998139054663,1.3408767226674252,1.1493229051435072,0.9577690876195895,0.8619921788576305,0.8619921788576305,1.723984357715261,0.9577690876195895,1.3408767226674252,1.3197076658990365,1.2254428326205342,1.1311779993420314,0.8483834995065236,1.3197076658990365,1.1311779993420314,1.6025021657345446,1.036913166063529,1.5082373324560419,0.9426483327850262,0.7541186662280209,1.3197076658990365,0.6497653418879582,1.0210598229667915,1.3923543040456245,1.1138834432364997,1.206707063506208,1.3923543040456245,1.5780015445850415,1.7636487851244578,1.5780015445850415,1.7636487851244578,1.485177924315333,1.7636487851244578,1.8289945011280322,1.2802961507896227,1.5546453259588275,1.3717458758460241,1.188846425733221,0.0,0.0,0.0,0.0,0.0,0.0,0.0,VIII,1,Homicidio doloso
8,0.0,0.0,0.0,0.0,0.0,0.09736491591565861,0.19472983183131723,0.09736491591565861,0.0,0.09736491591565861,0.0,0.0,0.0,0.0,0.0,0.0,0.0,0.0,0.0,0.0,0.0,0.0,0.0,0.0,0.0,0.18852966655700523,0.0,0.0,0.0,0.0,0.09426483327850262,0.0,0.09426483327850262,0.09426483327850262,0.0,0.0,0.0,0.0928236202697083,0.0,0.0,0.0928236202697083,0.1856472405394166,0.1856472405394166,0.0,0.0,0.0928236202697083,0.0,0.0,0.09144972505640163,0.18289945011280326,0.0,0.0,0.18289945011280326,0.0,0.0,0.0,0.0,0.0,0.0,0.0,VIII,2,Feminicidio
8,1.4604737387348792,0.5841894954939517,0.29209474774697586,0.0,0.09736491591565861,0.38945966366263446,0.09736491591565861,0.29209474774697586,0.19472983183131723,0.19472983183131723,0.6815544114096104,0.29209474774697586,0.4788845438097947,0.2873307262858768,0.1915538175239179,0.1915538175239179,0.1915538175239179,0.0,0.0,0.09577690876195895,0.0,0.1915538175239179,0.1915538175239179,0.09577690876195895,0.09426483327850262,0.18852966655700523,0.09426483327850262,0.28279449983550786,0.0,0.09426483327850262,0.0,0.4713241663925131,0.4713241663925131,0.28279449983550786,0.5655889996710157,0.18852966655700523,0.2784708608091249,0.3712944810788332,0.1856472405394166,0.0928236202697083,0.1856472405394166,0.0,0.0,0.0928236202697083,0.1856472405394166,0.2784708608091249,0.1856472405394166,0.1856472405394166,0.2743491751692049,0.3657989002256065,0.3657989002256065,0.45724862528200805,0.731597800451213,0.0,0.0,0.0,0.0,0.0,0.0,0.0,VIII,3,Homicidio culposo
8,0.09736491591565861,0.29209474774697586,0.0,0.0,0.0,0.09736491591565861,0.0,0.0,0.0,0.09736491591565861,0.0,0.19472983183131723,0.09577690876195895,0.09577690876195895,0.0,0.09577690876195895,0.3831076350478358,0.4788845438097947,0.0,0.1915538175239179,0.2873307262858768,0.2873307262858768,0.0,0.09577690876195895,0.37705933311401046,0.18852966655700523,0.28279449983550786,0.18852966655700523,0.09426483327850262,0.09426483327850262,0.09426483327850262,0.18852966655700523,0.09426483327850262,0.0,0.09426483327850262,0.09426483327850262,0.1856472405394166,0.0,0.0928236202697083,0.0928236202697083,0.0928236202697083,0.0928236202697083,0.2784708608091249,0.0,0.0928236202697083,0.0928236202697083,0.1856472405394166,0.1856472405394166,0.2743491751692049,0.09144972505640163,0.18289945011280326,0.0,0.2743491751692049,0.0,0.0,0.0,0.0,0.0,0.0,0.0,VIII,4,Secuestro
8,0.48682457957829306,0.5841894954939517,0.9736491591565861,1.2657439069035619,0.38945966366263446,0.19472983183131723,0.29209474774697586,0.5841894954939517,0.19472983183131723,0.19472983183131723,0.38945966366263446,0.29209474774697586,0.2873307262858768,0.2873307262858768,0.4788845438097947,0.4788845438097947,0.3831076350478358,0.09577690876195895,0.3831076350478358,0.1915538175239179,0.2873307262858768,0.5746614525717536,0.2873307262858768,0.3831076350478358,0.37705933311401046,0.18852966655700523,0.37705933311401046,0.5655889996710157,0.4713241663925131,0.4713241663925131,0.37705933311401046,0.18852966655700523,0.6598538329495183,0.18852966655700523,0.5655889996710157,0.28279449983550786,0.0,0.2784708608091249,0.6497653418879582,1.206707063506208,1.0210598229667915,1.2995306837759164,1.206707063506208,1.5780015445850415,1.2995306837759164,1.1138834432364997,1.5780015445850415,0.5569417216182498,1.188846425733221,1.5546453259588275,1.920444226184434,1.5546453259588275,1.2802961507896227,0.0,0.0,0.0,0.0,0.0,0.0,0.0,VIII,5,Extorsión
8,19.7650779308787,25.120148306239923,21.809741165107532,16.357305873830647,19.570348099047383,16.84413045340894,15.578386546505378,13.728453144107863,19.180888435384748,15.481021630589721,20.34926742637265,17.52568486481855,16.37785139829498,14.749643949341678,15.611636128199308,12.355221230292702,12.546775047816622,12.355221230292702,6.129722160765373,9.098806332386099,12.929882682864458,13.50454413543621,14.65386704057972,10.727013781339402,15.365167824395927,9.049423994736252,8.295305328508231,10.086337160799781,11.311779993420314,11.87736899309133,13.66840082538288,17.721788656358495,15.930756824066943,17.816053489636996,15.647962324231434,16.684875490294964,18.471900433671955,16.058486306659535,27.104497118754825,34.99450484168003,32.95238519574645,26.640379017406286,29.23944038495812,33.41650329709499,36.108388284916536,37.315095348422744,37.40791896869245,36.572506386265076,38.500334248745084,32.64755184513538,31.550155144458557,31.73305459457136,29.99550981849973,0.0,0.0,0.0,0.0,0.0,0.0,0.0,VIII,6,Robo con violencia
8,35.927653972878026,35.0513697296371,32.61724683174564,27.164811540468754,32.03305733625168,28.82001511103495,28.235825615541,25.21751322215558,30.183123933854173,23.075485072011094,26.970081708637437,23.7570394834207,20.592035383821173,27.966857358492014,25.763988456966956,24.13578100801365,20.208927748773338,17.239843577152612,20.78358920134509,23.561119555441902,23.65689646420386,21.64558138020272,19.538489387439625,18.963827934867872,17.910318322915497,14.422519491610903,14.988108491281917,17.816053489636996,19.41855565537154,25.82856431830972,30.541805982234848,27.71386098387977,28.09092031699378,31.861513648133887,28.562244483386298,30.82460048207036,33.97344501871324,31.467207271431118,34.808857601140616,32.58109071466762,31.003089170082575,27.104497118754825,32.20979623358878,26.083437295788034,28.311204182261033,26.269084536327455,26.454731776866872,27.197320739024534,21.399235663197977,21.49068538825438,24.508526315115635,20.30183896252116,20.576188137690362,0.0,0.0,0.0,0.0,0.0,0.0,0.0,VIII,7,Robo de vehículo
8,1.8499334023975136,3.7972317207106863,2.8235825615540997,1.2657439069035619,0.7789193273252689,0.8762842432409276,0.29209474774697586,0.48682457957829306,1.6552035705661965,1.7525684864818551,2.336757981975807,2.5314878138071237,1.4366536314293843,0.7662152700956716,0.6704383613337126,0.5746614525717536,0.2873307262858768,0.7662152700956716,0.3831076350478358,0.6704383613337126,0.5746614525717536,0.1915538175239179,1.0535459963815483,0.1915538175239179,0.4713241663925131,0.09426483327850262,0.5655889996710157,0.4713241663925131,0.6598538329495183,0.6598538329495183,0.09426483327850262,1.036913166063529,0.6598538329495183,1.6025021657345446,0.7541186662280209,0.28279449983550786,1.2995306837759164,0.3712944810788332,4.734004633755124,5.847888076991623,3.2488267094397907,3.3416503297094993,3.7129448107883323,5.847888076991623,5.4765935959127905,5.569417216182498,5.847888076991623,4.826828254024832,5.304084053271294,3.4750895521432614,5.578433228440499,3.9323381774252697,3.9323381774252697,0.0,0.0,0.0,0.0,0.0,0.0,0.0,VIII,8,Robo a casa habitación
8,0.7789193273252689,0.6815544114096104,1.6552035705661965,1.1683789909879034,1.6552035705661965,1.0710140750722448,0.48682457957829306,0.7789193273252689,0.7789193273252689,1.6552035705661965,2.7262176456384415,1.2657439069035619,1.5324305401913432,1.1493229051435072,1.1493229051435072,0.9577690876195895,0.3831076350478358,0.6704383613337126,0.0,0.1915538175239179,0.2873307262858768,0.3831076350478358,0.8619921788576305,0.09577690876195895,0.4713241663925131,0.28279449983550786,0.37705933311401046,0.37705933311401046,0.6598538329495183,0.8483834995065236,0.28279449983550786,0.4713241663925131,0.28279449983550786,0.28279449983550786,0.4713241663925131,0.28279449983550786,0.1856472405394166,0.1856472405394166,1.8564724053941661,4.455533772945999,3.5272975702489155,2.599061367551833,3.8985920513277494,6.03353531753104,5.4765935959127905,7.518713241846374,7.890007722925207,6.126358937800749,5.395533778327696,5.6698829534969,6.492930479004515,5.029734878102089,6.035681853722507,0.0,0.0,0.0,0.0,0.0,0.0,0.0,VIII,9,Robo de negocio
8,5.647165123108199,9.541761759734545,6.231354618602151,4.478786132120296,2.336757981975807,2.434122897891465,2.1420281501444896,2.434122897891465,4.1866913843733204,5.841894954939517,9.83385650748152,7.983923105084006,7.757929609718675,4.980399255621865,2.5859765365728915,1.1493229051435072,2.5859765365728915,3.0648610803826863,0.2873307262858768,0.7662152700956716,1.1493229051435072,0.9577690876195895,2.202868901525056,2.4901996278109326,2.545150498519571,1.6025021657345446,1.6967669990130472,2.262355998684063,2.3566208319625654,1.5082373324560419,3.0164746649120837,5.090300997039142,4.901771330482137,4.618976830646629,4.430447164089624,4.053387830975613,4.362710152676291,2.1349432662032912,9.003891166161706,13.552248559377412,14.38766114180479,11.138834432364996,11.695776153983246,12.809659597219747,14.38766114180479,16.615428028277787,14.75895562288362,16.336957167468665,14.540506283967856,11.2483161819374,12.345712882614219,14.449056558911455,12.620062057783425,0.0,0.0,0.0,0.0,0.0,0.0,0.0,VIII,10,Robo a transeúnte total
8,1.8499334023975136,1.1683789909879034,0.9736491591565861,1.8499334023975136,2.044663234228831,1.4604737387348792,1.3631088228192207,1.4604737387348792,1.6552035705661965,1.3631088228192207,1.1683789909879034,0.9736491591565861,1.0535459963815483,1.6282074489533023,2.011315084001138,1.723984357715261,1.6282074489533023,1.5324305401913432,1.8197612664772198,1.723984357715261,1.2450998139054663,1.723984357715261,1.723984357715261,1.5324305401913432,1.8852966655700525,0.4713241663925131,1.1311779993420314,1.6025021657345446,1.7910318322915497,1.5082373324560419,0.8483834995065236,0.8483834995065236,1.4139724991775393,1.4139724991775393,1.4139724991775393,0.8483834995065236,0.8354125824273748,0.46411810134854153,0.9282362026970831,1.5780015445850415,1.1138834432364997,1.206707063506208,1.8564724053941661,1.485177924315333,1.6708251648547496,1.485177924315333,0.9282362026970831,1.6708251648547496,2.0118939512408356,0.9144972505640161,1.6460950510152292,1.7375447760716307,1.7375447760716307,0.0,0.0,0.0,0.0,0.0,0.0,0.0,VIII,11,Violación
8,0.0,0.09736491591565861,0.0,0.0,0.0,0.0,0.0,0.09736491591565861,0.0,0.09736491591565861,0.0,0.0,0.0,0.09577690876195895,0.09577690876195895,0.09577690876195895,0.0,0.0,0.0,0.0,0.0,0.0,0.0,0.0,0.0,0.09426483327850262,0.18852966655700523,0.0,0.0,0.0,0.0,0.0,0.09426483327850262,0.0,0.0,0.0,0.0,0.0,0.0,0.0,0.0,0.0,0.0,0.0,0.0,0.0,0.0,0.0,0.0,0.09144972505640163,0.0,0.0,0.0,0.0,0.0,0.0,0.0,0.0,0.0,0.0,VIII,12,Trata de personas
8,1.7525684864818551,3.018312393385417,2.5314878138071237,3.2130422252167348,3.018312393385417,2.8235825615540997,3.018312393385417,2.628852729722783,2.8235825615540997,2.9209474774697584,2.7262176456384415,3.2130422252167348,3.0648610803826863,2.202868901525056,2.5859765365728915,2.2986458102870144,3.2564148979066045,2.2986458102870144,1.8197612664772198,2.011315084001138,2.3944227190489733,2.3944227190489733,2.2986458102870144,2.7775303540968093,0.0,0.0,0.0,0.0,0.0,0.0,0.0,0.0,0.0,0.0,0.0,0.0,0.2784708608091249,0.46411810134854153,0.0928236202697083,0.2784708608091249,0.0,0.46411810134854153,1.2995306837759164,0.5569417216182498,0.9282362026970831,0.7425889621576665,1.9492960256638747,2.042119645933583,1.7375447760716307,1.8289945011280322,2.194793401353639,1.6460950510152292,1.7375447760716307,0.0,0.0,0.0,0.0,0.0,0.0,0.0,VIII,13,Narcomenudeo
